
*** Running vivado
    with args -log design_1_top_0_0.vds -m64 -product Vivado -mode batch -messageDb vivado.pb -notrace -source design_1_top_0_0.tcl


****** Vivado v2018.2 (64-bit)
  **** SW Build 2258646 on Thu Jun 14 20:03:12 MDT 2018
  **** IP Build 2256618 on Thu Jun 14 22:10:49 MDT 2018
    ** Copyright 1986-2018 Xilinx, Inc. All Rights Reserved.

source design_1_top_0_0.tcl -notrace
Command: synth_design -top design_1_top_0_0 -part xc7z010clg400-1 -mode out_of_context
Starting synth_design
Attempting to get a license for feature 'Synthesis' and/or device 'xc7z010'
INFO: [Common 17-349] Got license for feature 'Synthesis' and/or device 'xc7z010'
INFO: Launching helper process for spawning children vivado processes
INFO: Helper process launched with PID 11388 
---------------------------------------------------------------------------------
Starting RTL Elaboration : Time (s): cpu = 00:00:03 ; elapsed = 00:00:03 . Memory (MB): peak = 410.695 ; gain = 102.707
---------------------------------------------------------------------------------
INFO: [Synth 8-6157] synthesizing module 'design_1_top_0_0' [c:/Users/Emerson/Documents/fpga/project_ebaz_miner/project_ebaz_miner.srcs/sources_1/bd/design_1/ip/design_1_top_0_0/synth/design_1_top_0_0.v:58]
INFO: [Synth 8-6157] synthesizing module 'top' [C:/Users/Emerson/Documents/fpga/project_ebaz_miner/project_ebaz_miner.srcs/sources_1/new/top.v:10]
	Parameter CLK_FRE bound to: 50 - type: integer 
	Parameter UART_FRE bound to: 115200 - type: integer 
	Parameter DIFFICULTY bound to: 999999999 - type: integer 
	Parameter MAX_CORE bound to: 18 - type: integer 
	Parameter BUFFER_SIZE bound to: 80 - type: integer 
	Parameter STATE_RESET bound to: 3'b000 
	Parameter STATE_IDLE bound to: 3'b001 
	Parameter STATE_INIT_SHA1 bound to: 3'b010 
	Parameter STATE_RUNNING bound to: 3'b011 
	Parameter STATE_DONE_WAIT bound to: 3'b100 
	Parameter STATE_RESULT bound to: 3'b101 
	Parameter STATE_BUILD bound to: 3'b110 
	Parameter UART_IDLE bound to: 2'b00 
	Parameter UART_BUFFER_FULL bound to: 2'b01 
	Parameter UART_TRANSMIT_NONCE bound to: 2'b10 
	Parameter UART_TX_DONE bound to: 2'b11 
INFO: [Synth 8-6157] synthesizing module 'sha1_core' [C:/Users/Emerson/Documents/fpga/project_ebaz_miner/project_ebaz_miner.srcs/sources_1/new/sha1_core.v:41]
	Parameter H0_0 bound to: 1732584193 - type: integer 
	Parameter H0_1 bound to: -271733879 - type: integer 
	Parameter H0_2 bound to: -1732584194 - type: integer 
	Parameter H0_3 bound to: 271733878 - type: integer 
	Parameter H0_4 bound to: -1009589776 - type: integer 
	Parameter SHA1_ROUNDS bound to: 79 - type: integer 
	Parameter CTRL_IDLE bound to: 0 - type: integer 
	Parameter CTRL_ROUNDS bound to: 1 - type: integer 
	Parameter CTRL_DONE bound to: 2 - type: integer 
INFO: [Synth 8-5534] Detected attribute (* use_dsp = "yes" *) [C:/Users/Emerson/Documents/fpga/project_ebaz_miner/project_ebaz_miner.srcs/sources_1/new/sha1_core.v:75]
INFO: [Synth 8-6157] synthesizing module 'sha1_w_mem' [C:/Users/Emerson/Documents/fpga/project_ebaz_miner/project_ebaz_miner.srcs/sources_1/new/sha1_w_mem.v:23]
INFO: [Synth 8-6155] done synthesizing module 'sha1_w_mem' (1#1) [C:/Users/Emerson/Documents/fpga/project_ebaz_miner/project_ebaz_miner.srcs/sources_1/new/sha1_w_mem.v:23]
INFO: [Synth 8-155] case statement is not full and has no default [C:/Users/Emerson/Documents/fpga/project_ebaz_miner/project_ebaz_miner.srcs/sources_1/new/sha1_core.v:359]
INFO: [Synth 8-6155] done synthesizing module 'sha1_core' (2#1) [C:/Users/Emerson/Documents/fpga/project_ebaz_miner/project_ebaz_miner.srcs/sources_1/new/sha1_core.v:41]
INFO: [Synth 8-6157] synthesizing module 'uart_rx' [C:/Users/Emerson/Documents/fpga/project_ebaz_miner/project_ebaz_miner.srcs/sources_1/new/uart_rx.v:3]
	Parameter CLK_FRE bound to: 50 - type: integer 
	Parameter BAUD_RATE bound to: 115200 - type: integer 
	Parameter CYCLE bound to: 434 - type: integer 
	Parameter S_IDLE bound to: 1 - type: integer 
	Parameter S_START bound to: 2 - type: integer 
	Parameter S_REC_BYTE bound to: 3 - type: integer 
	Parameter S_STOP bound to: 4 - type: integer 
	Parameter S_DATA bound to: 5 - type: integer 
INFO: [Synth 8-6155] done synthesizing module 'uart_rx' (3#1) [C:/Users/Emerson/Documents/fpga/project_ebaz_miner/project_ebaz_miner.srcs/sources_1/new/uart_rx.v:3]
INFO: [Synth 8-6157] synthesizing module 'uart_tx' [C:/Users/Emerson/Documents/fpga/project_ebaz_miner/project_ebaz_miner.srcs/sources_1/new/uart_tx.v:3]
	Parameter CLK_FRE bound to: 50 - type: integer 
	Parameter BAUD_RATE bound to: 115200 - type: integer 
	Parameter CYCLE bound to: 434 - type: integer 
	Parameter S_IDLE bound to: 1 - type: integer 
	Parameter S_START bound to: 2 - type: integer 
	Parameter S_SEND_BYTE bound to: 3 - type: integer 
	Parameter S_STOP bound to: 4 - type: integer 
INFO: [Synth 8-6155] done synthesizing module 'uart_tx' (4#1) [C:/Users/Emerson/Documents/fpga/project_ebaz_miner/project_ebaz_miner.srcs/sources_1/new/uart_tx.v:3]
WARNING: [Synth 8-3936] Found unconnected internal register 'msg_block_gen[0].nb_reg' and it is trimmed from '40' to '36' bits. [C:/Users/Emerson/Documents/fpga/project_ebaz_miner/project_ebaz_miner.srcs/sources_1/new/top.v:109]
WARNING: [Synth 8-3936] Found unconnected internal register 'msg_block_gen[1].nb_reg' and it is trimmed from '40' to '36' bits. [C:/Users/Emerson/Documents/fpga/project_ebaz_miner/project_ebaz_miner.srcs/sources_1/new/top.v:109]
WARNING: [Synth 8-3936] Found unconnected internal register 'msg_block_gen[2].nb_reg' and it is trimmed from '40' to '36' bits. [C:/Users/Emerson/Documents/fpga/project_ebaz_miner/project_ebaz_miner.srcs/sources_1/new/top.v:109]
WARNING: [Synth 8-3936] Found unconnected internal register 'msg_block_gen[3].nb_reg' and it is trimmed from '40' to '36' bits. [C:/Users/Emerson/Documents/fpga/project_ebaz_miner/project_ebaz_miner.srcs/sources_1/new/top.v:109]
WARNING: [Synth 8-3936] Found unconnected internal register 'msg_block_gen[4].nb_reg' and it is trimmed from '40' to '36' bits. [C:/Users/Emerson/Documents/fpga/project_ebaz_miner/project_ebaz_miner.srcs/sources_1/new/top.v:109]
WARNING: [Synth 8-3936] Found unconnected internal register 'msg_block_gen[5].nb_reg' and it is trimmed from '40' to '36' bits. [C:/Users/Emerson/Documents/fpga/project_ebaz_miner/project_ebaz_miner.srcs/sources_1/new/top.v:109]
WARNING: [Synth 8-3936] Found unconnected internal register 'msg_block_gen[6].nb_reg' and it is trimmed from '40' to '36' bits. [C:/Users/Emerson/Documents/fpga/project_ebaz_miner/project_ebaz_miner.srcs/sources_1/new/top.v:109]
WARNING: [Synth 8-3936] Found unconnected internal register 'msg_block_gen[7].nb_reg' and it is trimmed from '40' to '36' bits. [C:/Users/Emerson/Documents/fpga/project_ebaz_miner/project_ebaz_miner.srcs/sources_1/new/top.v:109]
WARNING: [Synth 8-3936] Found unconnected internal register 'msg_block_gen[8].nb_reg' and it is trimmed from '40' to '36' bits. [C:/Users/Emerson/Documents/fpga/project_ebaz_miner/project_ebaz_miner.srcs/sources_1/new/top.v:109]
WARNING: [Synth 8-3936] Found unconnected internal register 'msg_block_gen[9].nb_reg' and it is trimmed from '40' to '36' bits. [C:/Users/Emerson/Documents/fpga/project_ebaz_miner/project_ebaz_miner.srcs/sources_1/new/top.v:109]
WARNING: [Synth 8-3936] Found unconnected internal register 'msg_block_gen[10].nb_reg' and it is trimmed from '40' to '36' bits. [C:/Users/Emerson/Documents/fpga/project_ebaz_miner/project_ebaz_miner.srcs/sources_1/new/top.v:109]
WARNING: [Synth 8-3936] Found unconnected internal register 'msg_block_gen[11].nb_reg' and it is trimmed from '40' to '36' bits. [C:/Users/Emerson/Documents/fpga/project_ebaz_miner/project_ebaz_miner.srcs/sources_1/new/top.v:109]
WARNING: [Synth 8-3936] Found unconnected internal register 'msg_block_gen[12].nb_reg' and it is trimmed from '40' to '36' bits. [C:/Users/Emerson/Documents/fpga/project_ebaz_miner/project_ebaz_miner.srcs/sources_1/new/top.v:109]
WARNING: [Synth 8-3936] Found unconnected internal register 'msg_block_gen[13].nb_reg' and it is trimmed from '40' to '36' bits. [C:/Users/Emerson/Documents/fpga/project_ebaz_miner/project_ebaz_miner.srcs/sources_1/new/top.v:109]
WARNING: [Synth 8-3936] Found unconnected internal register 'msg_block_gen[14].nb_reg' and it is trimmed from '40' to '36' bits. [C:/Users/Emerson/Documents/fpga/project_ebaz_miner/project_ebaz_miner.srcs/sources_1/new/top.v:109]
WARNING: [Synth 8-3936] Found unconnected internal register 'msg_block_gen[15].nb_reg' and it is trimmed from '40' to '36' bits. [C:/Users/Emerson/Documents/fpga/project_ebaz_miner/project_ebaz_miner.srcs/sources_1/new/top.v:109]
WARNING: [Synth 8-3936] Found unconnected internal register 'msg_block_gen[16].nb_reg' and it is trimmed from '40' to '36' bits. [C:/Users/Emerson/Documents/fpga/project_ebaz_miner/project_ebaz_miner.srcs/sources_1/new/top.v:109]
WARNING: [Synth 8-3936] Found unconnected internal register 'msg_block_gen[17].nb_reg' and it is trimmed from '40' to '36' bits. [C:/Users/Emerson/Documents/fpga/project_ebaz_miner/project_ebaz_miner.srcs/sources_1/new/top.v:109]
INFO: [Synth 8-4471] merging register 'sha1_init_reg[1]' into 'sha1_init_reg[0]' [C:/Users/Emerson/Documents/fpga/project_ebaz_miner/project_ebaz_miner.srcs/sources_1/new/top.v:212]
INFO: [Synth 8-4471] merging register 'sha1_init_reg[2]' into 'sha1_init_reg[0]' [C:/Users/Emerson/Documents/fpga/project_ebaz_miner/project_ebaz_miner.srcs/sources_1/new/top.v:212]
INFO: [Synth 8-4471] merging register 'sha1_init_reg[3]' into 'sha1_init_reg[0]' [C:/Users/Emerson/Documents/fpga/project_ebaz_miner/project_ebaz_miner.srcs/sources_1/new/top.v:212]
INFO: [Synth 8-4471] merging register 'sha1_init_reg[4]' into 'sha1_init_reg[0]' [C:/Users/Emerson/Documents/fpga/project_ebaz_miner/project_ebaz_miner.srcs/sources_1/new/top.v:212]
INFO: [Synth 8-4471] merging register 'sha1_init_reg[5]' into 'sha1_init_reg[0]' [C:/Users/Emerson/Documents/fpga/project_ebaz_miner/project_ebaz_miner.srcs/sources_1/new/top.v:212]
INFO: [Synth 8-4471] merging register 'sha1_init_reg[6]' into 'sha1_init_reg[0]' [C:/Users/Emerson/Documents/fpga/project_ebaz_miner/project_ebaz_miner.srcs/sources_1/new/top.v:212]
INFO: [Synth 8-4471] merging register 'sha1_init_reg[7]' into 'sha1_init_reg[0]' [C:/Users/Emerson/Documents/fpga/project_ebaz_miner/project_ebaz_miner.srcs/sources_1/new/top.v:212]
INFO: [Synth 8-4471] merging register 'sha1_init_reg[8]' into 'sha1_init_reg[0]' [C:/Users/Emerson/Documents/fpga/project_ebaz_miner/project_ebaz_miner.srcs/sources_1/new/top.v:212]
INFO: [Synth 8-4471] merging register 'sha1_init_reg[9]' into 'sha1_init_reg[0]' [C:/Users/Emerson/Documents/fpga/project_ebaz_miner/project_ebaz_miner.srcs/sources_1/new/top.v:212]
INFO: [Synth 8-4471] merging register 'sha1_init_reg[10]' into 'sha1_init_reg[0]' [C:/Users/Emerson/Documents/fpga/project_ebaz_miner/project_ebaz_miner.srcs/sources_1/new/top.v:212]
INFO: [Synth 8-4471] merging register 'sha1_init_reg[11]' into 'sha1_init_reg[0]' [C:/Users/Emerson/Documents/fpga/project_ebaz_miner/project_ebaz_miner.srcs/sources_1/new/top.v:212]
INFO: [Synth 8-4471] merging register 'sha1_init_reg[12]' into 'sha1_init_reg[0]' [C:/Users/Emerson/Documents/fpga/project_ebaz_miner/project_ebaz_miner.srcs/sources_1/new/top.v:212]
INFO: [Synth 8-4471] merging register 'sha1_init_reg[13]' into 'sha1_init_reg[0]' [C:/Users/Emerson/Documents/fpga/project_ebaz_miner/project_ebaz_miner.srcs/sources_1/new/top.v:212]
INFO: [Synth 8-4471] merging register 'sha1_init_reg[14]' into 'sha1_init_reg[0]' [C:/Users/Emerson/Documents/fpga/project_ebaz_miner/project_ebaz_miner.srcs/sources_1/new/top.v:212]
INFO: [Synth 8-4471] merging register 'sha1_init_reg[15]' into 'sha1_init_reg[0]' [C:/Users/Emerson/Documents/fpga/project_ebaz_miner/project_ebaz_miner.srcs/sources_1/new/top.v:212]
INFO: [Synth 8-4471] merging register 'sha1_init_reg[16]' into 'sha1_init_reg[0]' [C:/Users/Emerson/Documents/fpga/project_ebaz_miner/project_ebaz_miner.srcs/sources_1/new/top.v:212]
INFO: [Synth 8-4471] merging register 'sha1_init_reg[17]' into 'sha1_init_reg[0]' [C:/Users/Emerson/Documents/fpga/project_ebaz_miner/project_ebaz_miner.srcs/sources_1/new/top.v:212]
WARNING: [Synth 8-6014] Unused sequential element sha1_init_reg[1] was removed.  [C:/Users/Emerson/Documents/fpga/project_ebaz_miner/project_ebaz_miner.srcs/sources_1/new/top.v:212]
WARNING: [Synth 8-6014] Unused sequential element sha1_init_reg[2] was removed.  [C:/Users/Emerson/Documents/fpga/project_ebaz_miner/project_ebaz_miner.srcs/sources_1/new/top.v:212]
WARNING: [Synth 8-6014] Unused sequential element sha1_init_reg[3] was removed.  [C:/Users/Emerson/Documents/fpga/project_ebaz_miner/project_ebaz_miner.srcs/sources_1/new/top.v:212]
WARNING: [Synth 8-6014] Unused sequential element sha1_init_reg[4] was removed.  [C:/Users/Emerson/Documents/fpga/project_ebaz_miner/project_ebaz_miner.srcs/sources_1/new/top.v:212]
WARNING: [Synth 8-6014] Unused sequential element sha1_init_reg[5] was removed.  [C:/Users/Emerson/Documents/fpga/project_ebaz_miner/project_ebaz_miner.srcs/sources_1/new/top.v:212]
WARNING: [Synth 8-6014] Unused sequential element sha1_init_reg[6] was removed.  [C:/Users/Emerson/Documents/fpga/project_ebaz_miner/project_ebaz_miner.srcs/sources_1/new/top.v:212]
WARNING: [Synth 8-6014] Unused sequential element sha1_init_reg[7] was removed.  [C:/Users/Emerson/Documents/fpga/project_ebaz_miner/project_ebaz_miner.srcs/sources_1/new/top.v:212]
WARNING: [Synth 8-6014] Unused sequential element sha1_init_reg[8] was removed.  [C:/Users/Emerson/Documents/fpga/project_ebaz_miner/project_ebaz_miner.srcs/sources_1/new/top.v:212]
WARNING: [Synth 8-6014] Unused sequential element sha1_init_reg[9] was removed.  [C:/Users/Emerson/Documents/fpga/project_ebaz_miner/project_ebaz_miner.srcs/sources_1/new/top.v:212]
WARNING: [Synth 8-6014] Unused sequential element sha1_init_reg[10] was removed.  [C:/Users/Emerson/Documents/fpga/project_ebaz_miner/project_ebaz_miner.srcs/sources_1/new/top.v:212]
WARNING: [Synth 8-6014] Unused sequential element sha1_init_reg[11] was removed.  [C:/Users/Emerson/Documents/fpga/project_ebaz_miner/project_ebaz_miner.srcs/sources_1/new/top.v:212]
WARNING: [Synth 8-6014] Unused sequential element sha1_init_reg[12] was removed.  [C:/Users/Emerson/Documents/fpga/project_ebaz_miner/project_ebaz_miner.srcs/sources_1/new/top.v:212]
WARNING: [Synth 8-6014] Unused sequential element sha1_init_reg[13] was removed.  [C:/Users/Emerson/Documents/fpga/project_ebaz_miner/project_ebaz_miner.srcs/sources_1/new/top.v:212]
WARNING: [Synth 8-6014] Unused sequential element sha1_init_reg[14] was removed.  [C:/Users/Emerson/Documents/fpga/project_ebaz_miner/project_ebaz_miner.srcs/sources_1/new/top.v:212]
WARNING: [Synth 8-6014] Unused sequential element sha1_init_reg[15] was removed.  [C:/Users/Emerson/Documents/fpga/project_ebaz_miner/project_ebaz_miner.srcs/sources_1/new/top.v:212]
WARNING: [Synth 8-6014] Unused sequential element sha1_init_reg[16] was removed.  [C:/Users/Emerson/Documents/fpga/project_ebaz_miner/project_ebaz_miner.srcs/sources_1/new/top.v:212]
WARNING: [Synth 8-6014] Unused sequential element sha1_init_reg[17] was removed.  [C:/Users/Emerson/Documents/fpga/project_ebaz_miner/project_ebaz_miner.srcs/sources_1/new/top.v:212]
WARNING: [Synth 8-5788] Register buffer_reg[0] in module top is has both Set and reset with same priority. This may cause simulation mismatches. Consider rewriting code  [C:/Users/Emerson/Documents/fpga/project_ebaz_miner/project_ebaz_miner.srcs/sources_1/new/top.v:386]
WARNING: [Synth 8-5788] Register buffer_reg[1] in module top is has both Set and reset with same priority. This may cause simulation mismatches. Consider rewriting code  [C:/Users/Emerson/Documents/fpga/project_ebaz_miner/project_ebaz_miner.srcs/sources_1/new/top.v:386]
WARNING: [Synth 8-5788] Register buffer_reg[2] in module top is has both Set and reset with same priority. This may cause simulation mismatches. Consider rewriting code  [C:/Users/Emerson/Documents/fpga/project_ebaz_miner/project_ebaz_miner.srcs/sources_1/new/top.v:386]
WARNING: [Synth 8-5788] Register buffer_reg[3] in module top is has both Set and reset with same priority. This may cause simulation mismatches. Consider rewriting code  [C:/Users/Emerson/Documents/fpga/project_ebaz_miner/project_ebaz_miner.srcs/sources_1/new/top.v:386]
WARNING: [Synth 8-5788] Register buffer_reg[4] in module top is has both Set and reset with same priority. This may cause simulation mismatches. Consider rewriting code  [C:/Users/Emerson/Documents/fpga/project_ebaz_miner/project_ebaz_miner.srcs/sources_1/new/top.v:386]
WARNING: [Synth 8-5788] Register buffer_reg[5] in module top is has both Set and reset with same priority. This may cause simulation mismatches. Consider rewriting code  [C:/Users/Emerson/Documents/fpga/project_ebaz_miner/project_ebaz_miner.srcs/sources_1/new/top.v:386]
WARNING: [Synth 8-5788] Register buffer_reg[6] in module top is has both Set and reset with same priority. This may cause simulation mismatches. Consider rewriting code  [C:/Users/Emerson/Documents/fpga/project_ebaz_miner/project_ebaz_miner.srcs/sources_1/new/top.v:386]
WARNING: [Synth 8-5788] Register buffer_reg[7] in module top is has both Set and reset with same priority. This may cause simulation mismatches. Consider rewriting code  [C:/Users/Emerson/Documents/fpga/project_ebaz_miner/project_ebaz_miner.srcs/sources_1/new/top.v:386]
WARNING: [Synth 8-5788] Register buffer_reg[8] in module top is has both Set and reset with same priority. This may cause simulation mismatches. Consider rewriting code  [C:/Users/Emerson/Documents/fpga/project_ebaz_miner/project_ebaz_miner.srcs/sources_1/new/top.v:386]
WARNING: [Synth 8-5788] Register buffer_reg[9] in module top is has both Set and reset with same priority. This may cause simulation mismatches. Consider rewriting code  [C:/Users/Emerson/Documents/fpga/project_ebaz_miner/project_ebaz_miner.srcs/sources_1/new/top.v:386]
WARNING: [Synth 8-5788] Register buffer_reg[10] in module top is has both Set and reset with same priority. This may cause simulation mismatches. Consider rewriting code  [C:/Users/Emerson/Documents/fpga/project_ebaz_miner/project_ebaz_miner.srcs/sources_1/new/top.v:386]
WARNING: [Synth 8-5788] Register buffer_reg[11] in module top is has both Set and reset with same priority. This may cause simulation mismatches. Consider rewriting code  [C:/Users/Emerson/Documents/fpga/project_ebaz_miner/project_ebaz_miner.srcs/sources_1/new/top.v:386]
WARNING: [Synth 8-5788] Register buffer_reg[12] in module top is has both Set and reset with same priority. This may cause simulation mismatches. Consider rewriting code  [C:/Users/Emerson/Documents/fpga/project_ebaz_miner/project_ebaz_miner.srcs/sources_1/new/top.v:386]
WARNING: [Synth 8-5788] Register buffer_reg[13] in module top is has both Set and reset with same priority. This may cause simulation mismatches. Consider rewriting code  [C:/Users/Emerson/Documents/fpga/project_ebaz_miner/project_ebaz_miner.srcs/sources_1/new/top.v:386]
WARNING: [Synth 8-5788] Register buffer_reg[14] in module top is has both Set and reset with same priority. This may cause simulation mismatches. Consider rewriting code  [C:/Users/Emerson/Documents/fpga/project_ebaz_miner/project_ebaz_miner.srcs/sources_1/new/top.v:386]
WARNING: [Synth 8-5788] Register buffer_reg[15] in module top is has both Set and reset with same priority. This may cause simulation mismatches. Consider rewriting code  [C:/Users/Emerson/Documents/fpga/project_ebaz_miner/project_ebaz_miner.srcs/sources_1/new/top.v:386]
WARNING: [Synth 8-5788] Register buffer_reg[16] in module top is has both Set and reset with same priority. This may cause simulation mismatches. Consider rewriting code  [C:/Users/Emerson/Documents/fpga/project_ebaz_miner/project_ebaz_miner.srcs/sources_1/new/top.v:386]
WARNING: [Synth 8-5788] Register buffer_reg[17] in module top is has both Set and reset with same priority. This may cause simulation mismatches. Consider rewriting code  [C:/Users/Emerson/Documents/fpga/project_ebaz_miner/project_ebaz_miner.srcs/sources_1/new/top.v:386]
WARNING: [Synth 8-5788] Register buffer_reg[18] in module top is has both Set and reset with same priority. This may cause simulation mismatches. Consider rewriting code  [C:/Users/Emerson/Documents/fpga/project_ebaz_miner/project_ebaz_miner.srcs/sources_1/new/top.v:386]
WARNING: [Synth 8-5788] Register buffer_reg[19] in module top is has both Set and reset with same priority. This may cause simulation mismatches. Consider rewriting code  [C:/Users/Emerson/Documents/fpga/project_ebaz_miner/project_ebaz_miner.srcs/sources_1/new/top.v:386]
WARNING: [Synth 8-5788] Register buffer_reg[20] in module top is has both Set and reset with same priority. This may cause simulation mismatches. Consider rewriting code  [C:/Users/Emerson/Documents/fpga/project_ebaz_miner/project_ebaz_miner.srcs/sources_1/new/top.v:386]
WARNING: [Synth 8-5788] Register buffer_reg[21] in module top is has both Set and reset with same priority. This may cause simulation mismatches. Consider rewriting code  [C:/Users/Emerson/Documents/fpga/project_ebaz_miner/project_ebaz_miner.srcs/sources_1/new/top.v:386]
WARNING: [Synth 8-5788] Register buffer_reg[22] in module top is has both Set and reset with same priority. This may cause simulation mismatches. Consider rewriting code  [C:/Users/Emerson/Documents/fpga/project_ebaz_miner/project_ebaz_miner.srcs/sources_1/new/top.v:386]
WARNING: [Synth 8-5788] Register buffer_reg[23] in module top is has both Set and reset with same priority. This may cause simulation mismatches. Consider rewriting code  [C:/Users/Emerson/Documents/fpga/project_ebaz_miner/project_ebaz_miner.srcs/sources_1/new/top.v:386]
WARNING: [Synth 8-5788] Register buffer_reg[24] in module top is has both Set and reset with same priority. This may cause simulation mismatches. Consider rewriting code  [C:/Users/Emerson/Documents/fpga/project_ebaz_miner/project_ebaz_miner.srcs/sources_1/new/top.v:386]
WARNING: [Synth 8-5788] Register buffer_reg[25] in module top is has both Set and reset with same priority. This may cause simulation mismatches. Consider rewriting code  [C:/Users/Emerson/Documents/fpga/project_ebaz_miner/project_ebaz_miner.srcs/sources_1/new/top.v:386]
WARNING: [Synth 8-5788] Register buffer_reg[26] in module top is has both Set and reset with same priority. This may cause simulation mismatches. Consider rewriting code  [C:/Users/Emerson/Documents/fpga/project_ebaz_miner/project_ebaz_miner.srcs/sources_1/new/top.v:386]
WARNING: [Synth 8-5788] Register buffer_reg[27] in module top is has both Set and reset with same priority. This may cause simulation mismatches. Consider rewriting code  [C:/Users/Emerson/Documents/fpga/project_ebaz_miner/project_ebaz_miner.srcs/sources_1/new/top.v:386]
WARNING: [Synth 8-5788] Register buffer_reg[28] in module top is has both Set and reset with same priority. This may cause simulation mismatches. Consider rewriting code  [C:/Users/Emerson/Documents/fpga/project_ebaz_miner/project_ebaz_miner.srcs/sources_1/new/top.v:386]
WARNING: [Synth 8-5788] Register buffer_reg[29] in module top is has both Set and reset with same priority. This may cause simulation mismatches. Consider rewriting code  [C:/Users/Emerson/Documents/fpga/project_ebaz_miner/project_ebaz_miner.srcs/sources_1/new/top.v:386]
WARNING: [Synth 8-5788] Register buffer_reg[30] in module top is has both Set and reset with same priority. This may cause simulation mismatches. Consider rewriting code  [C:/Users/Emerson/Documents/fpga/project_ebaz_miner/project_ebaz_miner.srcs/sources_1/new/top.v:386]
WARNING: [Synth 8-5788] Register buffer_reg[31] in module top is has both Set and reset with same priority. This may cause simulation mismatches. Consider rewriting code  [C:/Users/Emerson/Documents/fpga/project_ebaz_miner/project_ebaz_miner.srcs/sources_1/new/top.v:386]
WARNING: [Synth 8-5788] Register buffer_reg[32] in module top is has both Set and reset with same priority. This may cause simulation mismatches. Consider rewriting code  [C:/Users/Emerson/Documents/fpga/project_ebaz_miner/project_ebaz_miner.srcs/sources_1/new/top.v:386]
WARNING: [Synth 8-5788] Register buffer_reg[33] in module top is has both Set and reset with same priority. This may cause simulation mismatches. Consider rewriting code  [C:/Users/Emerson/Documents/fpga/project_ebaz_miner/project_ebaz_miner.srcs/sources_1/new/top.v:386]
WARNING: [Synth 8-5788] Register buffer_reg[34] in module top is has both Set and reset with same priority. This may cause simulation mismatches. Consider rewriting code  [C:/Users/Emerson/Documents/fpga/project_ebaz_miner/project_ebaz_miner.srcs/sources_1/new/top.v:386]
WARNING: [Synth 8-5788] Register buffer_reg[35] in module top is has both Set and reset with same priority. This may cause simulation mismatches. Consider rewriting code  [C:/Users/Emerson/Documents/fpga/project_ebaz_miner/project_ebaz_miner.srcs/sources_1/new/top.v:386]
WARNING: [Synth 8-5788] Register buffer_reg[36] in module top is has both Set and reset with same priority. This may cause simulation mismatches. Consider rewriting code  [C:/Users/Emerson/Documents/fpga/project_ebaz_miner/project_ebaz_miner.srcs/sources_1/new/top.v:386]
WARNING: [Synth 8-5788] Register buffer_reg[37] in module top is has both Set and reset with same priority. This may cause simulation mismatches. Consider rewriting code  [C:/Users/Emerson/Documents/fpga/project_ebaz_miner/project_ebaz_miner.srcs/sources_1/new/top.v:386]
WARNING: [Synth 8-5788] Register buffer_reg[38] in module top is has both Set and reset with same priority. This may cause simulation mismatches. Consider rewriting code  [C:/Users/Emerson/Documents/fpga/project_ebaz_miner/project_ebaz_miner.srcs/sources_1/new/top.v:386]
WARNING: [Synth 8-5788] Register buffer_reg[39] in module top is has both Set and reset with same priority. This may cause simulation mismatches. Consider rewriting code  [C:/Users/Emerson/Documents/fpga/project_ebaz_miner/project_ebaz_miner.srcs/sources_1/new/top.v:386]
WARNING: [Synth 8-5788] Register buffer_reg[40] in module top is has both Set and reset with same priority. This may cause simulation mismatches. Consider rewriting code  [C:/Users/Emerson/Documents/fpga/project_ebaz_miner/project_ebaz_miner.srcs/sources_1/new/top.v:386]
WARNING: [Synth 8-5788] Register buffer_reg[41] in module top is has both Set and reset with same priority. This may cause simulation mismatches. Consider rewriting code  [C:/Users/Emerson/Documents/fpga/project_ebaz_miner/project_ebaz_miner.srcs/sources_1/new/top.v:386]
WARNING: [Synth 8-5788] Register buffer_reg[42] in module top is has both Set and reset with same priority. This may cause simulation mismatches. Consider rewriting code  [C:/Users/Emerson/Documents/fpga/project_ebaz_miner/project_ebaz_miner.srcs/sources_1/new/top.v:386]
WARNING: [Synth 8-5788] Register buffer_reg[43] in module top is has both Set and reset with same priority. This may cause simulation mismatches. Consider rewriting code  [C:/Users/Emerson/Documents/fpga/project_ebaz_miner/project_ebaz_miner.srcs/sources_1/new/top.v:386]
WARNING: [Synth 8-5788] Register buffer_reg[44] in module top is has both Set and reset with same priority. This may cause simulation mismatches. Consider rewriting code  [C:/Users/Emerson/Documents/fpga/project_ebaz_miner/project_ebaz_miner.srcs/sources_1/new/top.v:386]
WARNING: [Synth 8-5788] Register buffer_reg[45] in module top is has both Set and reset with same priority. This may cause simulation mismatches. Consider rewriting code  [C:/Users/Emerson/Documents/fpga/project_ebaz_miner/project_ebaz_miner.srcs/sources_1/new/top.v:386]
WARNING: [Synth 8-5788] Register buffer_reg[46] in module top is has both Set and reset with same priority. This may cause simulation mismatches. Consider rewriting code  [C:/Users/Emerson/Documents/fpga/project_ebaz_miner/project_ebaz_miner.srcs/sources_1/new/top.v:386]
WARNING: [Synth 8-5788] Register buffer_reg[47] in module top is has both Set and reset with same priority. This may cause simulation mismatches. Consider rewriting code  [C:/Users/Emerson/Documents/fpga/project_ebaz_miner/project_ebaz_miner.srcs/sources_1/new/top.v:386]
WARNING: [Synth 8-5788] Register buffer_reg[48] in module top is has both Set and reset with same priority. This may cause simulation mismatches. Consider rewriting code  [C:/Users/Emerson/Documents/fpga/project_ebaz_miner/project_ebaz_miner.srcs/sources_1/new/top.v:386]
WARNING: [Synth 8-5788] Register buffer_reg[49] in module top is has both Set and reset with same priority. This may cause simulation mismatches. Consider rewriting code  [C:/Users/Emerson/Documents/fpga/project_ebaz_miner/project_ebaz_miner.srcs/sources_1/new/top.v:386]
WARNING: [Synth 8-5788] Register buffer_reg[50] in module top is has both Set and reset with same priority. This may cause simulation mismatches. Consider rewriting code  [C:/Users/Emerson/Documents/fpga/project_ebaz_miner/project_ebaz_miner.srcs/sources_1/new/top.v:386]
WARNING: [Synth 8-5788] Register buffer_reg[51] in module top is has both Set and reset with same priority. This may cause simulation mismatches. Consider rewriting code  [C:/Users/Emerson/Documents/fpga/project_ebaz_miner/project_ebaz_miner.srcs/sources_1/new/top.v:386]
WARNING: [Synth 8-5788] Register buffer_reg[52] in module top is has both Set and reset with same priority. This may cause simulation mismatches. Consider rewriting code  [C:/Users/Emerson/Documents/fpga/project_ebaz_miner/project_ebaz_miner.srcs/sources_1/new/top.v:386]
WARNING: [Synth 8-5788] Register buffer_reg[53] in module top is has both Set and reset with same priority. This may cause simulation mismatches. Consider rewriting code  [C:/Users/Emerson/Documents/fpga/project_ebaz_miner/project_ebaz_miner.srcs/sources_1/new/top.v:386]
WARNING: [Synth 8-5788] Register buffer_reg[54] in module top is has both Set and reset with same priority. This may cause simulation mismatches. Consider rewriting code  [C:/Users/Emerson/Documents/fpga/project_ebaz_miner/project_ebaz_miner.srcs/sources_1/new/top.v:386]
WARNING: [Synth 8-5788] Register buffer_reg[55] in module top is has both Set and reset with same priority. This may cause simulation mismatches. Consider rewriting code  [C:/Users/Emerson/Documents/fpga/project_ebaz_miner/project_ebaz_miner.srcs/sources_1/new/top.v:386]
WARNING: [Synth 8-5788] Register buffer_reg[56] in module top is has both Set and reset with same priority. This may cause simulation mismatches. Consider rewriting code  [C:/Users/Emerson/Documents/fpga/project_ebaz_miner/project_ebaz_miner.srcs/sources_1/new/top.v:386]
WARNING: [Synth 8-5788] Register buffer_reg[57] in module top is has both Set and reset with same priority. This may cause simulation mismatches. Consider rewriting code  [C:/Users/Emerson/Documents/fpga/project_ebaz_miner/project_ebaz_miner.srcs/sources_1/new/top.v:386]
WARNING: [Synth 8-5788] Register buffer_reg[58] in module top is has both Set and reset with same priority. This may cause simulation mismatches. Consider rewriting code  [C:/Users/Emerson/Documents/fpga/project_ebaz_miner/project_ebaz_miner.srcs/sources_1/new/top.v:386]
WARNING: [Synth 8-5788] Register buffer_reg[59] in module top is has both Set and reset with same priority. This may cause simulation mismatches. Consider rewriting code  [C:/Users/Emerson/Documents/fpga/project_ebaz_miner/project_ebaz_miner.srcs/sources_1/new/top.v:386]
WARNING: [Synth 8-5788] Register buffer_reg[60] in module top is has both Set and reset with same priority. This may cause simulation mismatches. Consider rewriting code  [C:/Users/Emerson/Documents/fpga/project_ebaz_miner/project_ebaz_miner.srcs/sources_1/new/top.v:386]
WARNING: [Synth 8-5788] Register buffer_reg[61] in module top is has both Set and reset with same priority. This may cause simulation mismatches. Consider rewriting code  [C:/Users/Emerson/Documents/fpga/project_ebaz_miner/project_ebaz_miner.srcs/sources_1/new/top.v:386]
WARNING: [Synth 8-5788] Register buffer_reg[62] in module top is has both Set and reset with same priority. This may cause simulation mismatches. Consider rewriting code  [C:/Users/Emerson/Documents/fpga/project_ebaz_miner/project_ebaz_miner.srcs/sources_1/new/top.v:386]
WARNING: [Synth 8-5788] Register buffer_reg[63] in module top is has both Set and reset with same priority. This may cause simulation mismatches. Consider rewriting code  [C:/Users/Emerson/Documents/fpga/project_ebaz_miner/project_ebaz_miner.srcs/sources_1/new/top.v:386]
WARNING: [Synth 8-5788] Register buffer_reg[64] in module top is has both Set and reset with same priority. This may cause simulation mismatches. Consider rewriting code  [C:/Users/Emerson/Documents/fpga/project_ebaz_miner/project_ebaz_miner.srcs/sources_1/new/top.v:386]
WARNING: [Synth 8-5788] Register buffer_reg[65] in module top is has both Set and reset with same priority. This may cause simulation mismatches. Consider rewriting code  [C:/Users/Emerson/Documents/fpga/project_ebaz_miner/project_ebaz_miner.srcs/sources_1/new/top.v:386]
WARNING: [Synth 8-5788] Register buffer_reg[66] in module top is has both Set and reset with same priority. This may cause simulation mismatches. Consider rewriting code  [C:/Users/Emerson/Documents/fpga/project_ebaz_miner/project_ebaz_miner.srcs/sources_1/new/top.v:386]
WARNING: [Synth 8-5788] Register buffer_reg[67] in module top is has both Set and reset with same priority. This may cause simulation mismatches. Consider rewriting code  [C:/Users/Emerson/Documents/fpga/project_ebaz_miner/project_ebaz_miner.srcs/sources_1/new/top.v:386]
WARNING: [Synth 8-5788] Register buffer_reg[68] in module top is has both Set and reset with same priority. This may cause simulation mismatches. Consider rewriting code  [C:/Users/Emerson/Documents/fpga/project_ebaz_miner/project_ebaz_miner.srcs/sources_1/new/top.v:386]
WARNING: [Synth 8-5788] Register buffer_reg[69] in module top is has both Set and reset with same priority. This may cause simulation mismatches. Consider rewriting code  [C:/Users/Emerson/Documents/fpga/project_ebaz_miner/project_ebaz_miner.srcs/sources_1/new/top.v:386]
WARNING: [Synth 8-5788] Register buffer_reg[70] in module top is has both Set and reset with same priority. This may cause simulation mismatches. Consider rewriting code  [C:/Users/Emerson/Documents/fpga/project_ebaz_miner/project_ebaz_miner.srcs/sources_1/new/top.v:386]
WARNING: [Synth 8-5788] Register buffer_reg[71] in module top is has both Set and reset with same priority. This may cause simulation mismatches. Consider rewriting code  [C:/Users/Emerson/Documents/fpga/project_ebaz_miner/project_ebaz_miner.srcs/sources_1/new/top.v:386]
WARNING: [Synth 8-5788] Register buffer_reg[72] in module top is has both Set and reset with same priority. This may cause simulation mismatches. Consider rewriting code  [C:/Users/Emerson/Documents/fpga/project_ebaz_miner/project_ebaz_miner.srcs/sources_1/new/top.v:386]
WARNING: [Synth 8-5788] Register buffer_reg[73] in module top is has both Set and reset with same priority. This may cause simulation mismatches. Consider rewriting code  [C:/Users/Emerson/Documents/fpga/project_ebaz_miner/project_ebaz_miner.srcs/sources_1/new/top.v:386]
WARNING: [Synth 8-5788] Register buffer_reg[74] in module top is has both Set and reset with same priority. This may cause simulation mismatches. Consider rewriting code  [C:/Users/Emerson/Documents/fpga/project_ebaz_miner/project_ebaz_miner.srcs/sources_1/new/top.v:386]
WARNING: [Synth 8-5788] Register buffer_reg[75] in module top is has both Set and reset with same priority. This may cause simulation mismatches. Consider rewriting code  [C:/Users/Emerson/Documents/fpga/project_ebaz_miner/project_ebaz_miner.srcs/sources_1/new/top.v:386]
WARNING: [Synth 8-5788] Register buffer_reg[76] in module top is has both Set and reset with same priority. This may cause simulation mismatches. Consider rewriting code  [C:/Users/Emerson/Documents/fpga/project_ebaz_miner/project_ebaz_miner.srcs/sources_1/new/top.v:386]
WARNING: [Synth 8-5788] Register buffer_reg[77] in module top is has both Set and reset with same priority. This may cause simulation mismatches. Consider rewriting code  [C:/Users/Emerson/Documents/fpga/project_ebaz_miner/project_ebaz_miner.srcs/sources_1/new/top.v:386]
WARNING: [Synth 8-5788] Register buffer_reg[78] in module top is has both Set and reset with same priority. This may cause simulation mismatches. Consider rewriting code  [C:/Users/Emerson/Documents/fpga/project_ebaz_miner/project_ebaz_miner.srcs/sources_1/new/top.v:386]
WARNING: [Synth 8-5788] Register buffer_reg[79] in module top is has both Set and reset with same priority. This may cause simulation mismatches. Consider rewriting code  [C:/Users/Emerson/Documents/fpga/project_ebaz_miner/project_ebaz_miner.srcs/sources_1/new/top.v:386]
INFO: [Synth 8-6155] done synthesizing module 'top' (5#1) [C:/Users/Emerson/Documents/fpga/project_ebaz_miner/project_ebaz_miner.srcs/sources_1/new/top.v:10]
INFO: [Synth 8-6155] done synthesizing module 'design_1_top_0_0' (6#1) [c:/Users/Emerson/Documents/fpga/project_ebaz_miner/project_ebaz_miner.srcs/sources_1/bd/design_1/ip/design_1_top_0_0/synth/design_1_top_0_0.v:58]
---------------------------------------------------------------------------------
Finished RTL Elaboration : Time (s): cpu = 00:00:06 ; elapsed = 00:00:06 . Memory (MB): peak = 507.066 ; gain = 199.078
---------------------------------------------------------------------------------

Report Check Netlist: 
+------+------------------+-------+---------+-------+------------------+
|      |Item              |Errors |Warnings |Status |Description       |
+------+------------------+-------+---------+-------+------------------+
|1     |multi_driven_nets |      0|        0|Passed |Multi driven nets |
+------+------------------+-------+---------+-------+------------------+
---------------------------------------------------------------------------------
Start Handling Custom Attributes
---------------------------------------------------------------------------------
---------------------------------------------------------------------------------
Finished Handling Custom Attributes : Time (s): cpu = 00:00:06 ; elapsed = 00:00:07 . Memory (MB): peak = 507.066 ; gain = 199.078
---------------------------------------------------------------------------------
---------------------------------------------------------------------------------
Finished RTL Optimization Phase 1 : Time (s): cpu = 00:00:06 ; elapsed = 00:00:07 . Memory (MB): peak = 507.066 ; gain = 199.078
---------------------------------------------------------------------------------
INFO: [Device 21-403] Loading part xc7z010clg400-1
INFO: [Project 1-570] Preparing netlist for logic optimization

Processing XDC Constraints
Initializing timing engine
Completed Processing XDC Constraints

INFO: [Project 1-111] Unisim Transformation Summary:
No Unisim elements were transformed.

WARNING: [Constraints 18-5210] No constraint will be written out.
Constraint Validation Runtime : Time (s): cpu = 00:00:01 ; elapsed = 00:00:00.715 . Memory (MB): peak = 916.578 ; gain = 16.914
---------------------------------------------------------------------------------
Finished Constraint Validation : Time (s): cpu = 00:00:27 ; elapsed = 00:00:30 . Memory (MB): peak = 916.578 ; gain = 608.590
---------------------------------------------------------------------------------
---------------------------------------------------------------------------------
Start Loading Part and Timing Information
---------------------------------------------------------------------------------
Loading part: xc7z010clg400-1
---------------------------------------------------------------------------------
Finished Loading Part and Timing Information : Time (s): cpu = 00:00:27 ; elapsed = 00:00:30 . Memory (MB): peak = 916.578 ; gain = 608.590
---------------------------------------------------------------------------------
---------------------------------------------------------------------------------
Start Applying 'set_property' XDC Constraints
---------------------------------------------------------------------------------
---------------------------------------------------------------------------------
Finished applying 'set_property' XDC Constraints : Time (s): cpu = 00:00:27 ; elapsed = 00:00:30 . Memory (MB): peak = 916.578 ; gain = 608.590
---------------------------------------------------------------------------------
INFO: [Synth 8-802] inferred FSM for state register 'state_reg' in module 'uart_rx'
INFO: [Synth 8-5546] ROM "bit_cnt" won't be mapped to RAM because it is too sparse
INFO: [Synth 8-5546] ROM "next_state" won't be mapped to RAM because it is too sparse
INFO: [Synth 8-5546] ROM "next_state" won't be mapped to RAM because it is too sparse
INFO: [Synth 8-5544] ROM "next_state" won't be mapped to Block RAM because address size (1) smaller than threshold (5)
INFO: [Synth 8-5546] ROM "next_state" won't be mapped to RAM because it is too sparse
INFO: [Synth 8-5544] ROM "next_state" won't be mapped to Block RAM because address size (1) smaller than threshold (5)
INFO: [Synth 8-5546] ROM "next_state" won't be mapped to RAM because it is too sparse
INFO: [Synth 8-5544] ROM "next_state" won't be mapped to Block RAM because address size (1) smaller than threshold (5)
INFO: [Synth 8-802] inferred FSM for state register 'state_reg' in module 'uart_tx'
INFO: [Synth 8-5546] ROM "bit_cnt" won't be mapped to RAM because it is too sparse
INFO: [Synth 8-5546] ROM "next_state" won't be mapped to RAM because it is too sparse
INFO: [Synth 8-5546] ROM "next_state" won't be mapped to RAM because it is too sparse
INFO: [Synth 8-5544] ROM "next_state" won't be mapped to Block RAM because address size (1) smaller than threshold (5)
INFO: [Synth 8-5546] ROM "next_state" won't be mapped to RAM because it is too sparse
INFO: [Synth 8-5544] ROM "next_state" won't be mapped to Block RAM because address size (1) smaller than threshold (5)
INFO: [Synth 8-5546] ROM "next_state" won't be mapped to RAM because it is too sparse
INFO: [Synth 8-802] inferred FSM for state register 'sha1_ctrl_reg_reg' in module 'sha1_core'
INFO: [Synth 8-5546] ROM "sha1_ctrl_we" won't be mapped to RAM because it is too sparse
INFO: [Synth 8-5544] ROM "digest_valid_new" won't be mapped to Block RAM because address size (2) smaller than threshold (5)
INFO: [Synth 8-5544] ROM "state_update" won't be mapped to Block RAM because address size (2) smaller than threshold (5)
INFO: [Synth 8-5544] ROM "ready_flag" won't be mapped to Block RAM because address size (2) smaller than threshold (5)
INFO: [Synth 8-5546] ROM "sha1_ctrl_new" won't be mapped to RAM because it is too sparse
INFO: [Synth 8-5546] ROM "sha1_ctrl_we" won't be mapped to RAM because it is too sparse
INFO: [Synth 8-5544] ROM "digest_valid_new" won't be mapped to Block RAM because address size (2) smaller than threshold (5)
INFO: [Synth 8-5544] ROM "state_update" won't be mapped to Block RAM because address size (2) smaller than threshold (5)
INFO: [Synth 8-5544] ROM "ready_flag" won't be mapped to Block RAM because address size (2) smaller than threshold (5)
INFO: [Synth 8-5546] ROM "sha1_ctrl_new" won't be mapped to RAM because it is too sparse
INFO: [Synth 8-5544] ROM "H0_new" won't be mapped to Block RAM because address size (1) smaller than threshold (5)
INFO: [Synth 8-5544] ROM "H1_new" won't be mapped to Block RAM because address size (1) smaller than threshold (5)
INFO: [Synth 8-5544] ROM "H2_new" won't be mapped to Block RAM because address size (1) smaller than threshold (5)
INFO: [Synth 8-5544] ROM "H3_new" won't be mapped to Block RAM because address size (1) smaller than threshold (5)
INFO: [Synth 8-5544] ROM "H4_new" won't be mapped to Block RAM because address size (1) smaller than threshold (5)
INFO: [Synth 8-802] inferred FSM for state register 'state_reg' in module 'top'
INFO: [Synth 8-802] inferred FSM for state register 'uart_state_reg' in module 'top'
INFO: [Synth 8-5546] ROM "buffer_reg[0]" won't be mapped to RAM because it is too sparse
INFO: [Synth 8-5546] ROM "buffer_reg[1]" won't be mapped to RAM because it is too sparse
INFO: [Synth 8-5546] ROM "buffer_reg[2]" won't be mapped to RAM because it is too sparse
INFO: [Synth 8-5546] ROM "buffer_reg[3]" won't be mapped to RAM because it is too sparse
INFO: [Synth 8-5546] ROM "buffer_reg[4]" won't be mapped to RAM because it is too sparse
INFO: [Synth 8-5546] ROM "buffer_reg[5]" won't be mapped to RAM because it is too sparse
INFO: [Synth 8-5546] ROM "buffer_reg[6]" won't be mapped to RAM because it is too sparse
INFO: [Synth 8-5546] ROM "buffer_reg[7]" won't be mapped to RAM because it is too sparse
INFO: [Synth 8-5546] ROM "buffer_reg[8]" won't be mapped to RAM because it is too sparse
INFO: [Synth 8-5546] ROM "buffer_reg[9]" won't be mapped to RAM because it is too sparse
INFO: [Synth 8-5546] ROM "buffer_reg[10]" won't be mapped to RAM because it is too sparse
INFO: [Synth 8-5546] ROM "buffer_reg[11]" won't be mapped to RAM because it is too sparse
INFO: [Synth 8-5546] ROM "buffer_reg[12]" won't be mapped to RAM because it is too sparse
INFO: [Synth 8-5546] ROM "buffer_reg[13]" won't be mapped to RAM because it is too sparse
INFO: [Synth 8-5546] ROM "buffer_reg[14]" won't be mapped to RAM because it is too sparse
INFO: [Synth 8-5546] ROM "buffer_reg[15]" won't be mapped to RAM because it is too sparse
INFO: [Synth 8-5546] ROM "buffer_reg[16]" won't be mapped to RAM because it is too sparse
INFO: [Synth 8-5546] ROM "buffer_reg[17]" won't be mapped to RAM because it is too sparse
INFO: [Synth 8-5546] ROM "buffer_reg[18]" won't be mapped to RAM because it is too sparse
INFO: [Synth 8-5546] ROM "buffer_reg[19]" won't be mapped to RAM because it is too sparse
INFO: [Synth 8-5546] ROM "buffer_reg[20]" won't be mapped to RAM because it is too sparse
INFO: [Synth 8-5546] ROM "buffer_reg[21]" won't be mapped to RAM because it is too sparse
INFO: [Synth 8-5546] ROM "buffer_reg[22]" won't be mapped to RAM because it is too sparse
INFO: [Synth 8-5546] ROM "buffer_reg[23]" won't be mapped to RAM because it is too sparse
INFO: [Synth 8-5546] ROM "buffer_reg[24]" won't be mapped to RAM because it is too sparse
INFO: [Synth 8-5546] ROM "buffer_reg[25]" won't be mapped to RAM because it is too sparse
INFO: [Synth 8-5546] ROM "buffer_reg[26]" won't be mapped to RAM because it is too sparse
INFO: [Synth 8-5546] ROM "buffer_reg[27]" won't be mapped to RAM because it is too sparse
INFO: [Synth 8-5546] ROM "buffer_reg[28]" won't be mapped to RAM because it is too sparse
INFO: [Synth 8-5546] ROM "buffer_reg[29]" won't be mapped to RAM because it is too sparse
INFO: [Synth 8-5546] ROM "buffer_reg[30]" won't be mapped to RAM because it is too sparse
INFO: [Synth 8-5546] ROM "buffer_reg[31]" won't be mapped to RAM because it is too sparse
INFO: [Synth 8-5546] ROM "buffer_reg[32]" won't be mapped to RAM because it is too sparse
INFO: [Synth 8-5546] ROM "buffer_reg[33]" won't be mapped to RAM because it is too sparse
INFO: [Synth 8-5546] ROM "buffer_reg[34]" won't be mapped to RAM because it is too sparse
INFO: [Synth 8-5546] ROM "buffer_reg[35]" won't be mapped to RAM because it is too sparse
INFO: [Synth 8-5546] ROM "buffer_reg[36]" won't be mapped to RAM because it is too sparse
INFO: [Synth 8-5546] ROM "buffer_reg[37]" won't be mapped to RAM because it is too sparse
INFO: [Synth 8-5546] ROM "buffer_reg[38]" won't be mapped to RAM because it is too sparse
INFO: [Synth 8-5546] ROM "buffer_reg[39]" won't be mapped to RAM because it is too sparse
INFO: [Synth 8-5546] ROM "buffer_reg[40]" won't be mapped to RAM because it is too sparse
INFO: [Synth 8-5546] ROM "buffer_reg[41]" won't be mapped to RAM because it is too sparse
INFO: [Synth 8-5546] ROM "buffer_reg[42]" won't be mapped to RAM because it is too sparse
INFO: [Synth 8-5546] ROM "buffer_reg[43]" won't be mapped to RAM because it is too sparse
INFO: [Synth 8-5546] ROM "buffer_reg[44]" won't be mapped to RAM because it is too sparse
INFO: [Synth 8-5546] ROM "buffer_reg[45]" won't be mapped to RAM because it is too sparse
INFO: [Synth 8-5546] ROM "buffer_reg[46]" won't be mapped to RAM because it is too sparse
INFO: [Synth 8-5546] ROM "buffer_reg[47]" won't be mapped to RAM because it is too sparse
INFO: [Synth 8-5546] ROM "buffer_reg[48]" won't be mapped to RAM because it is too sparse
INFO: [Synth 8-5546] ROM "buffer_reg[49]" won't be mapped to RAM because it is too sparse
INFO: [Synth 8-5546] ROM "buffer_reg[50]" won't be mapped to RAM because it is too sparse
INFO: [Synth 8-5546] ROM "buffer_reg[51]" won't be mapped to RAM because it is too sparse
INFO: [Synth 8-5546] ROM "buffer_reg[52]" won't be mapped to RAM because it is too sparse
INFO: [Synth 8-5546] ROM "buffer_reg[53]" won't be mapped to RAM because it is too sparse
INFO: [Synth 8-5546] ROM "buffer_reg[54]" won't be mapped to RAM because it is too sparse
INFO: [Synth 8-5546] ROM "buffer_reg[55]" won't be mapped to RAM because it is too sparse
INFO: [Synth 8-5546] ROM "buffer_reg[56]" won't be mapped to RAM because it is too sparse
INFO: [Synth 8-5546] ROM "buffer_reg[57]" won't be mapped to RAM because it is too sparse
INFO: [Synth 8-5546] ROM "buffer_reg[58]" won't be mapped to RAM because it is too sparse
INFO: [Synth 8-5546] ROM "buffer_reg[59]" won't be mapped to RAM because it is too sparse
INFO: [Synth 8-5546] ROM "buffer_reg[60]" won't be mapped to RAM because it is too sparse
INFO: [Synth 8-5546] ROM "buffer_reg[61]" won't be mapped to RAM because it is too sparse
INFO: [Synth 8-5546] ROM "buffer_reg[62]" won't be mapped to RAM because it is too sparse
INFO: [Synth 8-5546] ROM "buffer_reg[63]" won't be mapped to RAM because it is too sparse
INFO: [Synth 8-5546] ROM "buffer_reg[64]" won't be mapped to RAM because it is too sparse
INFO: [Synth 8-5546] ROM "buffer_reg[65]" won't be mapped to RAM because it is too sparse
INFO: [Synth 8-5546] ROM "buffer_reg[66]" won't be mapped to RAM because it is too sparse
INFO: [Synth 8-5546] ROM "buffer_reg[67]" won't be mapped to RAM because it is too sparse
INFO: [Synth 8-5546] ROM "buffer_reg[68]" won't be mapped to RAM because it is too sparse
INFO: [Synth 8-5546] ROM "buffer_reg[69]" won't be mapped to RAM because it is too sparse
INFO: [Synth 8-5546] ROM "buffer_reg[70]" won't be mapped to RAM because it is too sparse
INFO: [Synth 8-5546] ROM "buffer_reg[71]" won't be mapped to RAM because it is too sparse
INFO: [Synth 8-5546] ROM "buffer_reg[72]" won't be mapped to RAM because it is too sparse
INFO: [Synth 8-5546] ROM "buffer_reg[73]" won't be mapped to RAM because it is too sparse
INFO: [Synth 8-5546] ROM "buffer_reg[74]" won't be mapped to RAM because it is too sparse
INFO: [Synth 8-5546] ROM "buffer_reg[75]" won't be mapped to RAM because it is too sparse
INFO: [Synth 8-5546] ROM "buffer_reg[76]" won't be mapped to RAM because it is too sparse
INFO: [Synth 8-5546] ROM "buffer_reg[77]" won't be mapped to RAM because it is too sparse
INFO: [Synth 8-5546] ROM "buffer_reg[78]" won't be mapped to RAM because it is too sparse
INFO: [Synth 8-5546] ROM "buffer_reg[79]" won't be mapped to RAM because it is too sparse
INFO: [Synth 8-5544] ROM "sha1_init" won't be mapped to Block RAM because address size (3) smaller than threshold (5)
INFO: [Synth 8-5544] ROM "led_red_output" won't be mapped to Block RAM because address size (3) smaller than threshold (5)
INFO: [Synth 8-5544] ROM "state" won't be mapped to Block RAM because address size (1) smaller than threshold (5)
INFO: [Synth 8-5546] ROM "buffer_reg[0]" won't be mapped to RAM because it is too sparse
INFO: [Synth 8-5546] ROM "buffer_reg[1]" won't be mapped to RAM because it is too sparse
INFO: [Synth 8-5546] ROM "buffer_reg[2]" won't be mapped to RAM because it is too sparse
INFO: [Synth 8-5546] ROM "buffer_reg[3]" won't be mapped to RAM because it is too sparse
INFO: [Synth 8-5546] ROM "buffer_reg[4]" won't be mapped to RAM because it is too sparse
INFO: [Synth 8-5546] ROM "buffer_reg[5]" won't be mapped to RAM because it is too sparse
INFO: [Common 17-14] Message 'Synth 8-5546' appears 100 times and further instances of the messages will be disabled. Use the Tcl command set_msg_config to change the current settings.
INFO: [Synth 8-5544] ROM "sha1_init" won't be mapped to Block RAM because address size (3) smaller than threshold (5)
INFO: [Synth 8-5544] ROM "led_red_output" won't be mapped to Block RAM because address size (3) smaller than threshold (5)
INFO: [Synth 8-5544] ROM "state" won't be mapped to Block RAM because address size (1) smaller than threshold (5)
---------------------------------------------------------------------------------------------------
                   State |                     New Encoding |                Previous Encoding 
---------------------------------------------------------------------------------------------------
                  S_IDLE |                            00001 |                              001
                 S_START |                            10000 |                              010
              S_REC_BYTE |                            01000 |                              011
                  S_STOP |                            00100 |                              100
                  S_DATA |                            00010 |                              101
---------------------------------------------------------------------------------------------------
INFO: [Synth 8-3354] encoded FSM with state register 'state_reg' using encoding 'one-hot' in module 'uart_rx'
---------------------------------------------------------------------------------------------------
                   State |                     New Encoding |                Previous Encoding 
---------------------------------------------------------------------------------------------------
                  S_IDLE |                             0001 |                              001
                 S_START |                             0010 |                              010
             S_SEND_BYTE |                             0100 |                              011
                  S_STOP |                             1000 |                              100
---------------------------------------------------------------------------------------------------
INFO: [Synth 8-3354] encoded FSM with state register 'state_reg' using encoding 'one-hot' in module 'uart_tx'
---------------------------------------------------------------------------------------------------
                   State |                     New Encoding |                Previous Encoding 
---------------------------------------------------------------------------------------------------
               CTRL_IDLE |                               00 |                               00
             CTRL_ROUNDS |                               01 |                               01
               CTRL_DONE |                               10 |                               10
---------------------------------------------------------------------------------------------------
INFO: [Synth 8-3354] encoded FSM with state register 'sha1_ctrl_reg_reg' using encoding 'sequential' in module 'sha1_core'
---------------------------------------------------------------------------------------------------
                   State |                     New Encoding |                Previous Encoding 
---------------------------------------------------------------------------------------------------
               UART_IDLE |                               00 |                               00
        UART_BUFFER_FULL |                               01 |                               01
     UART_TRANSMIT_NONCE |                               10 |                               10
            UART_TX_DONE |                               11 |                               11
---------------------------------------------------------------------------------------------------
INFO: [Synth 8-3354] encoded FSM with state register 'uart_state_reg' using encoding 'sequential' in module 'top'
---------------------------------------------------------------------------------------------------
                   State |                     New Encoding |                Previous Encoding 
---------------------------------------------------------------------------------------------------
             STATE_RESET |                              000 |                              000
              STATE_IDLE |                              001 |                              001
             STATE_BUILD |                              010 |                              110
         STATE_INIT_SHA1 |                              011 |                              010
           STATE_RUNNING |                              100 |                              011
         STATE_DONE_WAIT |                              101 |                              100
            STATE_RESULT |                              110 |                              101
---------------------------------------------------------------------------------------------------
INFO: [Synth 8-3354] encoded FSM with state register 'state_reg' using encoding 'sequential' in module 'top'
---------------------------------------------------------------------------------
Finished RTL Optimization Phase 2 : Time (s): cpu = 00:00:32 ; elapsed = 00:00:35 . Memory (MB): peak = 916.578 ; gain = 608.590
---------------------------------------------------------------------------------

Report RTL Partitions: 
+------+--------------+------------+----------+
|      |RTL Partition |Replication |Instances |
+------+--------------+------------+----------+
|1     |top__GB0      |           1|     35575|
|2     |top__GB1      |           1|     19950|
|3     |top__GB2      |           1|     16052|
|4     |top__GB3      |           1|     16553|
|5     |top__GB4      |           1|     23225|
|6     |top__GB5      |           1|     18535|
|7     |top__GB6      |           1|     12108|
|8     |top__GB7      |           1|      2535|
+------+--------------+------------+----------+
---------------------------------------------------------------------------------
Start RTL Component Statistics 
---------------------------------------------------------------------------------
Detailed RTL Component Info : 
+---Adders : 
	   2 Input     32 Bit       Adders := 17    
	   2 Input     30 Bit       Adders := 1     
	   2 Input     16 Bit       Adders := 2     
	   2 Input      9 Bit       Adders := 18    
	   2 Input      7 Bit       Adders := 19    
	   2 Input      5 Bit       Adders := 154   
	   3 Input      5 Bit       Adders := 9     
	   2 Input      4 Bit       Adders := 203   
	   2 Input      3 Bit       Adders := 2     
+---XORs : 
	   4 Input     32 Bit         XORs := 18    
	   2 Input     32 Bit         XORs := 18    
	   3 Input     32 Bit         XORs := 36    
+---Registers : 
	              512 Bit    Registers := 18    
	              160 Bit    Registers := 18    
	               40 Bit    Registers := 1     
	               32 Bit    Registers := 379   
	               16 Bit    Registers := 2     
	                8 Bit    Registers := 84    
	                7 Bit    Registers := 19    
	                5 Bit    Registers := 1     
	                3 Bit    Registers := 2     
	                1 Bit    Registers := 29    
+---Muxes : 
	   2 Input     40 Bit        Muxes := 1     
	   7 Input     40 Bit        Muxes := 1     
	   2 Input     32 Bit        Muxes := 378   
	   5 Input     32 Bit        Muxes := 18    
	   7 Input     32 Bit        Muxes := 1     
	   2 Input     30 Bit        Muxes := 1     
	   2 Input     16 Bit        Muxes := 2     
	   4 Input      8 Bit        Muxes := 2     
	   2 Input      8 Bit        Muxes := 2     
	   2 Input      7 Bit        Muxes := 18    
	   4 Input      7 Bit        Muxes := 1     
	   4 Input      5 Bit        Muxes := 1     
	   5 Input      5 Bit        Muxes := 1     
	   2 Input      5 Bit        Muxes := 5     
	   9 Input      4 Bit        Muxes := 18    
	   2 Input      4 Bit        Muxes := 207   
	   4 Input      4 Bit        Muxes := 1     
	   7 Input      3 Bit        Muxes := 1     
	   2 Input      3 Bit        Muxes := 8     
	   4 Input      3 Bit        Muxes := 2     
	   5 Input      3 Bit        Muxes := 2     
	   3 Input      2 Bit        Muxes := 18    
	   2 Input      2 Bit        Muxes := 41    
	   4 Input      2 Bit        Muxes := 1     
	   2 Input      1 Bit        Muxes := 162   
	   3 Input      1 Bit        Muxes := 109   
	   7 Input      1 Bit        Muxes := 8     
	   4 Input      1 Bit        Muxes := 85    
---------------------------------------------------------------------------------
Finished RTL Component Statistics 
---------------------------------------------------------------------------------
---------------------------------------------------------------------------------
Start RTL Hierarchical Component Statistics 
---------------------------------------------------------------------------------
Hierarchical RTL Component report 
Module sha1_w_mem__1 
Detailed RTL Component Info : 
+---XORs : 
	   4 Input     32 Bit         XORs := 1     
+---Registers : 
	               32 Bit    Registers := 16    
+---Muxes : 
	   2 Input     32 Bit        Muxes := 16    
	   2 Input      1 Bit        Muxes := 1     
Module sha1_core__1 
Detailed RTL Component Info : 
+---Adders : 
	   2 Input      7 Bit       Adders := 1     
+---XORs : 
	   2 Input     32 Bit         XORs := 1     
	   3 Input     32 Bit         XORs := 2     
+---Registers : 
	               32 Bit    Registers := 5     
	                7 Bit    Registers := 1     
	                1 Bit    Registers := 1     
+---Muxes : 
	   5 Input     32 Bit        Muxes := 1     
	   2 Input     32 Bit        Muxes := 5     
	   2 Input      7 Bit        Muxes := 1     
	   3 Input      2 Bit        Muxes := 1     
	   2 Input      2 Bit        Muxes := 2     
	   2 Input      1 Bit        Muxes := 3     
	   3 Input      1 Bit        Muxes := 6     
Module sha1_w_mem__2 
Detailed RTL Component Info : 
+---XORs : 
	   4 Input     32 Bit         XORs := 1     
+---Registers : 
	               32 Bit    Registers := 16    
+---Muxes : 
	   2 Input     32 Bit        Muxes := 16    
	   2 Input      1 Bit        Muxes := 1     
Module sha1_core__2 
Detailed RTL Component Info : 
+---Adders : 
	   2 Input      7 Bit       Adders := 1     
+---XORs : 
	   2 Input     32 Bit         XORs := 1     
	   3 Input     32 Bit         XORs := 2     
+---Registers : 
	               32 Bit    Registers := 5     
	                7 Bit    Registers := 1     
	                1 Bit    Registers := 1     
+---Muxes : 
	   5 Input     32 Bit        Muxes := 1     
	   2 Input     32 Bit        Muxes := 5     
	   2 Input      7 Bit        Muxes := 1     
	   3 Input      2 Bit        Muxes := 1     
	   2 Input      2 Bit        Muxes := 2     
	   2 Input      1 Bit        Muxes := 3     
	   3 Input      1 Bit        Muxes := 6     
Module sha1_w_mem__3 
Detailed RTL Component Info : 
+---XORs : 
	   4 Input     32 Bit         XORs := 1     
+---Registers : 
	               32 Bit    Registers := 16    
+---Muxes : 
	   2 Input     32 Bit        Muxes := 16    
	   2 Input      1 Bit        Muxes := 1     
Module sha1_core__3 
Detailed RTL Component Info : 
+---Adders : 
	   2 Input      7 Bit       Adders := 1     
+---XORs : 
	   2 Input     32 Bit         XORs := 1     
	   3 Input     32 Bit         XORs := 2     
+---Registers : 
	               32 Bit    Registers := 5     
	                7 Bit    Registers := 1     
	                1 Bit    Registers := 1     
+---Muxes : 
	   5 Input     32 Bit        Muxes := 1     
	   2 Input     32 Bit        Muxes := 5     
	   2 Input      7 Bit        Muxes := 1     
	   3 Input      2 Bit        Muxes := 1     
	   2 Input      2 Bit        Muxes := 2     
	   2 Input      1 Bit        Muxes := 3     
	   3 Input      1 Bit        Muxes := 6     
Module sha1_w_mem__4 
Detailed RTL Component Info : 
+---XORs : 
	   4 Input     32 Bit         XORs := 1     
+---Registers : 
	               32 Bit    Registers := 16    
+---Muxes : 
	   2 Input     32 Bit        Muxes := 16    
	   2 Input      1 Bit        Muxes := 1     
Module sha1_core__4 
Detailed RTL Component Info : 
+---Adders : 
	   2 Input      7 Bit       Adders := 1     
+---XORs : 
	   2 Input     32 Bit         XORs := 1     
	   3 Input     32 Bit         XORs := 2     
+---Registers : 
	               32 Bit    Registers := 5     
	                7 Bit    Registers := 1     
	                1 Bit    Registers := 1     
+---Muxes : 
	   5 Input     32 Bit        Muxes := 1     
	   2 Input     32 Bit        Muxes := 5     
	   2 Input      7 Bit        Muxes := 1     
	   3 Input      2 Bit        Muxes := 1     
	   2 Input      2 Bit        Muxes := 2     
	   2 Input      1 Bit        Muxes := 3     
	   3 Input      1 Bit        Muxes := 6     
Module sha1_w_mem__5 
Detailed RTL Component Info : 
+---XORs : 
	   4 Input     32 Bit         XORs := 1     
+---Registers : 
	               32 Bit    Registers := 16    
+---Muxes : 
	   2 Input     32 Bit        Muxes := 16    
	   2 Input      1 Bit        Muxes := 1     
Module sha1_core__5 
Detailed RTL Component Info : 
+---Adders : 
	   2 Input      7 Bit       Adders := 1     
+---XORs : 
	   2 Input     32 Bit         XORs := 1     
	   3 Input     32 Bit         XORs := 2     
+---Registers : 
	               32 Bit    Registers := 5     
	                7 Bit    Registers := 1     
	                1 Bit    Registers := 1     
+---Muxes : 
	   5 Input     32 Bit        Muxes := 1     
	   2 Input     32 Bit        Muxes := 5     
	   2 Input      7 Bit        Muxes := 1     
	   3 Input      2 Bit        Muxes := 1     
	   2 Input      2 Bit        Muxes := 2     
	   2 Input      1 Bit        Muxes := 3     
	   3 Input      1 Bit        Muxes := 6     
Module sha1_w_mem__6 
Detailed RTL Component Info : 
+---XORs : 
	   4 Input     32 Bit         XORs := 1     
+---Registers : 
	               32 Bit    Registers := 16    
+---Muxes : 
	   2 Input     32 Bit        Muxes := 16    
	   2 Input      1 Bit        Muxes := 1     
Module sha1_core__6 
Detailed RTL Component Info : 
+---Adders : 
	   2 Input      7 Bit       Adders := 1     
+---XORs : 
	   2 Input     32 Bit         XORs := 1     
	   3 Input     32 Bit         XORs := 2     
+---Registers : 
	               32 Bit    Registers := 5     
	                7 Bit    Registers := 1     
	                1 Bit    Registers := 1     
+---Muxes : 
	   5 Input     32 Bit        Muxes := 1     
	   2 Input     32 Bit        Muxes := 5     
	   2 Input      7 Bit        Muxes := 1     
	   3 Input      2 Bit        Muxes := 1     
	   2 Input      2 Bit        Muxes := 2     
	   2 Input      1 Bit        Muxes := 3     
	   3 Input      1 Bit        Muxes := 6     
Module sha1_w_mem__7 
Detailed RTL Component Info : 
+---XORs : 
	   4 Input     32 Bit         XORs := 1     
+---Registers : 
	               32 Bit    Registers := 16    
+---Muxes : 
	   2 Input     32 Bit        Muxes := 16    
	   2 Input      1 Bit        Muxes := 1     
Module sha1_core__7 
Detailed RTL Component Info : 
+---Adders : 
	   2 Input      7 Bit       Adders := 1     
+---XORs : 
	   2 Input     32 Bit         XORs := 1     
	   3 Input     32 Bit         XORs := 2     
+---Registers : 
	               32 Bit    Registers := 5     
	                7 Bit    Registers := 1     
	                1 Bit    Registers := 1     
+---Muxes : 
	   5 Input     32 Bit        Muxes := 1     
	   2 Input     32 Bit        Muxes := 5     
	   2 Input      7 Bit        Muxes := 1     
	   3 Input      2 Bit        Muxes := 1     
	   2 Input      2 Bit        Muxes := 2     
	   2 Input      1 Bit        Muxes := 3     
	   3 Input      1 Bit        Muxes := 6     
Module sha1_w_mem__8 
Detailed RTL Component Info : 
+---XORs : 
	   4 Input     32 Bit         XORs := 1     
+---Registers : 
	               32 Bit    Registers := 16    
+---Muxes : 
	   2 Input     32 Bit        Muxes := 16    
	   2 Input      1 Bit        Muxes := 1     
Module sha1_core__8 
Detailed RTL Component Info : 
+---Adders : 
	   2 Input      7 Bit       Adders := 1     
+---XORs : 
	   2 Input     32 Bit         XORs := 1     
	   3 Input     32 Bit         XORs := 2     
+---Registers : 
	               32 Bit    Registers := 5     
	                7 Bit    Registers := 1     
	                1 Bit    Registers := 1     
+---Muxes : 
	   5 Input     32 Bit        Muxes := 1     
	   2 Input     32 Bit        Muxes := 5     
	   2 Input      7 Bit        Muxes := 1     
	   3 Input      2 Bit        Muxes := 1     
	   2 Input      2 Bit        Muxes := 2     
	   2 Input      1 Bit        Muxes := 3     
	   3 Input      1 Bit        Muxes := 6     
Module sha1_w_mem__9 
Detailed RTL Component Info : 
+---XORs : 
	   4 Input     32 Bit         XORs := 1     
+---Registers : 
	               32 Bit    Registers := 16    
+---Muxes : 
	   2 Input     32 Bit        Muxes := 16    
	   2 Input      1 Bit        Muxes := 1     
Module sha1_core__9 
Detailed RTL Component Info : 
+---Adders : 
	   2 Input      7 Bit       Adders := 1     
+---XORs : 
	   2 Input     32 Bit         XORs := 1     
	   3 Input     32 Bit         XORs := 2     
+---Registers : 
	               32 Bit    Registers := 5     
	                7 Bit    Registers := 1     
	                1 Bit    Registers := 1     
+---Muxes : 
	   5 Input     32 Bit        Muxes := 1     
	   2 Input     32 Bit        Muxes := 5     
	   2 Input      7 Bit        Muxes := 1     
	   3 Input      2 Bit        Muxes := 1     
	   2 Input      2 Bit        Muxes := 2     
	   2 Input      1 Bit        Muxes := 3     
	   3 Input      1 Bit        Muxes := 6     
Module sha1_w_mem__10 
Detailed RTL Component Info : 
+---XORs : 
	   4 Input     32 Bit         XORs := 1     
+---Registers : 
	               32 Bit    Registers := 16    
+---Muxes : 
	   2 Input     32 Bit        Muxes := 16    
	   2 Input      1 Bit        Muxes := 1     
Module sha1_core__10 
Detailed RTL Component Info : 
+---Adders : 
	   2 Input      7 Bit       Adders := 1     
+---XORs : 
	   2 Input     32 Bit         XORs := 1     
	   3 Input     32 Bit         XORs := 2     
+---Registers : 
	               32 Bit    Registers := 5     
	                7 Bit    Registers := 1     
	                1 Bit    Registers := 1     
+---Muxes : 
	   5 Input     32 Bit        Muxes := 1     
	   2 Input     32 Bit        Muxes := 5     
	   2 Input      7 Bit        Muxes := 1     
	   3 Input      2 Bit        Muxes := 1     
	   2 Input      2 Bit        Muxes := 2     
	   2 Input      1 Bit        Muxes := 3     
	   3 Input      1 Bit        Muxes := 6     
Module sha1_w_mem__11 
Detailed RTL Component Info : 
+---XORs : 
	   4 Input     32 Bit         XORs := 1     
+---Registers : 
	               32 Bit    Registers := 16    
+---Muxes : 
	   2 Input     32 Bit        Muxes := 16    
	   2 Input      1 Bit        Muxes := 1     
Module sha1_core__11 
Detailed RTL Component Info : 
+---Adders : 
	   2 Input      7 Bit       Adders := 1     
+---XORs : 
	   2 Input     32 Bit         XORs := 1     
	   3 Input     32 Bit         XORs := 2     
+---Registers : 
	               32 Bit    Registers := 5     
	                7 Bit    Registers := 1     
	                1 Bit    Registers := 1     
+---Muxes : 
	   5 Input     32 Bit        Muxes := 1     
	   2 Input     32 Bit        Muxes := 5     
	   2 Input      7 Bit        Muxes := 1     
	   3 Input      2 Bit        Muxes := 1     
	   2 Input      2 Bit        Muxes := 2     
	   2 Input      1 Bit        Muxes := 3     
	   3 Input      1 Bit        Muxes := 6     
Module sha1_w_mem__12 
Detailed RTL Component Info : 
+---XORs : 
	   4 Input     32 Bit         XORs := 1     
+---Registers : 
	               32 Bit    Registers := 16    
+---Muxes : 
	   2 Input     32 Bit        Muxes := 16    
	   2 Input      1 Bit        Muxes := 1     
Module sha1_core__12 
Detailed RTL Component Info : 
+---Adders : 
	   2 Input      7 Bit       Adders := 1     
+---XORs : 
	   2 Input     32 Bit         XORs := 1     
	   3 Input     32 Bit         XORs := 2     
+---Registers : 
	               32 Bit    Registers := 5     
	                7 Bit    Registers := 1     
	                1 Bit    Registers := 1     
+---Muxes : 
	   5 Input     32 Bit        Muxes := 1     
	   2 Input     32 Bit        Muxes := 5     
	   2 Input      7 Bit        Muxes := 1     
	   3 Input      2 Bit        Muxes := 1     
	   2 Input      2 Bit        Muxes := 2     
	   2 Input      1 Bit        Muxes := 3     
	   3 Input      1 Bit        Muxes := 6     
Module sha1_w_mem__13 
Detailed RTL Component Info : 
+---XORs : 
	   4 Input     32 Bit         XORs := 1     
+---Registers : 
	               32 Bit    Registers := 16    
+---Muxes : 
	   2 Input     32 Bit        Muxes := 16    
	   2 Input      1 Bit        Muxes := 1     
Module sha1_core__13 
Detailed RTL Component Info : 
+---Adders : 
	   2 Input      7 Bit       Adders := 1     
+---XORs : 
	   2 Input     32 Bit         XORs := 1     
	   3 Input     32 Bit         XORs := 2     
+---Registers : 
	               32 Bit    Registers := 5     
	                7 Bit    Registers := 1     
	                1 Bit    Registers := 1     
+---Muxes : 
	   5 Input     32 Bit        Muxes := 1     
	   2 Input     32 Bit        Muxes := 5     
	   2 Input      7 Bit        Muxes := 1     
	   3 Input      2 Bit        Muxes := 1     
	   2 Input      2 Bit        Muxes := 2     
	   2 Input      1 Bit        Muxes := 3     
	   3 Input      1 Bit        Muxes := 6     
Module sha1_w_mem__14 
Detailed RTL Component Info : 
+---XORs : 
	   4 Input     32 Bit         XORs := 1     
+---Registers : 
	               32 Bit    Registers := 16    
+---Muxes : 
	   2 Input     32 Bit        Muxes := 16    
	   2 Input      1 Bit        Muxes := 1     
Module sha1_core__14 
Detailed RTL Component Info : 
+---Adders : 
	   2 Input      7 Bit       Adders := 1     
+---XORs : 
	   2 Input     32 Bit         XORs := 1     
	   3 Input     32 Bit         XORs := 2     
+---Registers : 
	               32 Bit    Registers := 5     
	                7 Bit    Registers := 1     
	                1 Bit    Registers := 1     
+---Muxes : 
	   5 Input     32 Bit        Muxes := 1     
	   2 Input     32 Bit        Muxes := 5     
	   2 Input      7 Bit        Muxes := 1     
	   3 Input      2 Bit        Muxes := 1     
	   2 Input      2 Bit        Muxes := 2     
	   2 Input      1 Bit        Muxes := 3     
	   3 Input      1 Bit        Muxes := 6     
Module sha1_w_mem__15 
Detailed RTL Component Info : 
+---XORs : 
	   4 Input     32 Bit         XORs := 1     
+---Registers : 
	               32 Bit    Registers := 16    
+---Muxes : 
	   2 Input     32 Bit        Muxes := 16    
	   2 Input      1 Bit        Muxes := 1     
Module sha1_core__15 
Detailed RTL Component Info : 
+---Adders : 
	   2 Input      7 Bit       Adders := 1     
+---XORs : 
	   2 Input     32 Bit         XORs := 1     
	   3 Input     32 Bit         XORs := 2     
+---Registers : 
	               32 Bit    Registers := 5     
	                7 Bit    Registers := 1     
	                1 Bit    Registers := 1     
+---Muxes : 
	   5 Input     32 Bit        Muxes := 1     
	   2 Input     32 Bit        Muxes := 5     
	   2 Input      7 Bit        Muxes := 1     
	   3 Input      2 Bit        Muxes := 1     
	   2 Input      2 Bit        Muxes := 2     
	   2 Input      1 Bit        Muxes := 3     
	   3 Input      1 Bit        Muxes := 6     
Module sha1_w_mem__16 
Detailed RTL Component Info : 
+---XORs : 
	   4 Input     32 Bit         XORs := 1     
+---Registers : 
	               32 Bit    Registers := 16    
+---Muxes : 
	   2 Input     32 Bit        Muxes := 16    
	   2 Input      1 Bit        Muxes := 1     
Module sha1_core__16 
Detailed RTL Component Info : 
+---Adders : 
	   2 Input      7 Bit       Adders := 1     
+---XORs : 
	   2 Input     32 Bit         XORs := 1     
	   3 Input     32 Bit         XORs := 2     
+---Registers : 
	               32 Bit    Registers := 5     
	                7 Bit    Registers := 1     
	                1 Bit    Registers := 1     
+---Muxes : 
	   5 Input     32 Bit        Muxes := 1     
	   2 Input     32 Bit        Muxes := 5     
	   2 Input      7 Bit        Muxes := 1     
	   3 Input      2 Bit        Muxes := 1     
	   2 Input      2 Bit        Muxes := 2     
	   2 Input      1 Bit        Muxes := 3     
	   3 Input      1 Bit        Muxes := 6     
Module sha1_w_mem__17 
Detailed RTL Component Info : 
+---XORs : 
	   4 Input     32 Bit         XORs := 1     
+---Registers : 
	               32 Bit    Registers := 16    
+---Muxes : 
	   2 Input     32 Bit        Muxes := 16    
	   2 Input      1 Bit        Muxes := 1     
Module sha1_core__17 
Detailed RTL Component Info : 
+---Adders : 
	   2 Input      7 Bit       Adders := 1     
+---XORs : 
	   2 Input     32 Bit         XORs := 1     
	   3 Input     32 Bit         XORs := 2     
+---Registers : 
	               32 Bit    Registers := 5     
	                7 Bit    Registers := 1     
	                1 Bit    Registers := 1     
+---Muxes : 
	   5 Input     32 Bit        Muxes := 1     
	   2 Input     32 Bit        Muxes := 5     
	   2 Input      7 Bit        Muxes := 1     
	   3 Input      2 Bit        Muxes := 1     
	   2 Input      2 Bit        Muxes := 2     
	   2 Input      1 Bit        Muxes := 3     
	   3 Input      1 Bit        Muxes := 6     
Module sha1_w_mem 
Detailed RTL Component Info : 
+---XORs : 
	   4 Input     32 Bit         XORs := 1     
+---Registers : 
	               32 Bit    Registers := 16    
+---Muxes : 
	   2 Input     32 Bit        Muxes := 16    
	   2 Input      1 Bit        Muxes := 1     
Module sha1_core 
Detailed RTL Component Info : 
+---Adders : 
	   2 Input      7 Bit       Adders := 1     
+---XORs : 
	   2 Input     32 Bit         XORs := 1     
	   3 Input     32 Bit         XORs := 2     
+---Registers : 
	               32 Bit    Registers := 5     
	                7 Bit    Registers := 1     
	                1 Bit    Registers := 1     
+---Muxes : 
	   5 Input     32 Bit        Muxes := 1     
	   2 Input     32 Bit        Muxes := 5     
	   2 Input      7 Bit        Muxes := 1     
	   3 Input      2 Bit        Muxes := 1     
	   2 Input      2 Bit        Muxes := 2     
	   2 Input      1 Bit        Muxes := 3     
	   3 Input      1 Bit        Muxes := 6     
Module uart_tx 
Detailed RTL Component Info : 
+---Adders : 
	   2 Input     16 Bit       Adders := 1     
	   2 Input      3 Bit       Adders := 1     
+---Registers : 
	               16 Bit    Registers := 1     
	                8 Bit    Registers := 1     
	                3 Bit    Registers := 1     
	                1 Bit    Registers := 2     
+---Muxes : 
	   2 Input     16 Bit        Muxes := 1     
	   4 Input      4 Bit        Muxes := 1     
	   2 Input      4 Bit        Muxes := 4     
	   2 Input      3 Bit        Muxes := 3     
	   4 Input      3 Bit        Muxes := 2     
	   2 Input      2 Bit        Muxes := 2     
	   2 Input      1 Bit        Muxes := 4     
	   3 Input      1 Bit        Muxes := 1     
Module uart_rx 
Detailed RTL Component Info : 
+---Adders : 
	   2 Input     16 Bit       Adders := 1     
	   2 Input      3 Bit       Adders := 1     
+---Registers : 
	               16 Bit    Registers := 1     
	                8 Bit    Registers := 2     
	                3 Bit    Registers := 1     
	                1 Bit    Registers := 3     
+---Muxes : 
	   2 Input     16 Bit        Muxes := 1     
	   2 Input      8 Bit        Muxes := 1     
	   5 Input      5 Bit        Muxes := 1     
	   2 Input      5 Bit        Muxes := 5     
	   2 Input      3 Bit        Muxes := 4     
	   5 Input      3 Bit        Muxes := 2     
	   2 Input      2 Bit        Muxes := 2     
	   2 Input      1 Bit        Muxes := 3     
Module top 
Detailed RTL Component Info : 
+---Adders : 
	   2 Input     32 Bit       Adders := 17    
	   2 Input     30 Bit       Adders := 1     
	   2 Input      9 Bit       Adders := 18    
	   2 Input      7 Bit       Adders := 1     
	   2 Input      5 Bit       Adders := 154   
	   3 Input      5 Bit       Adders := 9     
	   2 Input      4 Bit       Adders := 203   
+---Registers : 
	              512 Bit    Registers := 18    
	              160 Bit    Registers := 18    
	               40 Bit    Registers := 1     
	               32 Bit    Registers := 1     
	                8 Bit    Registers := 81    
	                7 Bit    Registers := 1     
	                5 Bit    Registers := 1     
	                1 Bit    Registers := 6     
+---Muxes : 
	   2 Input     40 Bit        Muxes := 1     
	   7 Input     40 Bit        Muxes := 1     
	   7 Input     32 Bit        Muxes := 1     
	   2 Input     30 Bit        Muxes := 1     
	   4 Input      8 Bit        Muxes := 2     
	   2 Input      8 Bit        Muxes := 1     
	   4 Input      7 Bit        Muxes := 1     
	   4 Input      5 Bit        Muxes := 1     
	   9 Input      4 Bit        Muxes := 18    
	   2 Input      4 Bit        Muxes := 203   
	   7 Input      3 Bit        Muxes := 1     
	   2 Input      3 Bit        Muxes := 1     
	   4 Input      2 Bit        Muxes := 1     
	   2 Input      2 Bit        Muxes := 1     
	   2 Input      1 Bit        Muxes := 83    
	   7 Input      1 Bit        Muxes := 8     
	   4 Input      1 Bit        Muxes := 85    
---------------------------------------------------------------------------------
Finished RTL Hierarchical Component Statistics
---------------------------------------------------------------------------------
---------------------------------------------------------------------------------
Start Part Resource Summary
---------------------------------------------------------------------------------
Part Resources:
DSPs: 80 (col length:40)
BRAMs: 120 (col length: RAMB18 40 RAMB36 20)
---------------------------------------------------------------------------------
Finished Part Resource Summary
---------------------------------------------------------------------------------
INFO: [Synth 8-5580] Multithreading enabled for synth_design using a maximum of 2 processes.
---------------------------------------------------------------------------------
Start Cross Boundary and Area Optimization
---------------------------------------------------------------------------------
DSP Report: Generating DSP a_new0, operation Mode is: C+A:B.
DSP Report: operator a_new0 is absorbed into DSP a_new0.
DSP Report: Generating DSP a_new0, operation Mode is: PCIN+A:B+C.
DSP Report: operator a_new0 is absorbed into DSP a_new0.
DSP Report: Generating DSP a_new0, operation Mode is: PCIN+A:B.
DSP Report: operator a_new0 is absorbed into DSP a_new0.
DSP Report: Generating DSP a_new0, operation Mode is: C+A:B.
DSP Report: operator a_new0 is absorbed into DSP a_new0.
DSP Report: Generating DSP a_new0, operation Mode is: PCIN+A:B+C.
DSP Report: operator a_new0 is absorbed into DSP a_new0.
DSP Report: Generating DSP a_new0, operation Mode is: PCIN+A:B.
DSP Report: operator a_new0 is absorbed into DSP a_new0.
DSP Report: Generating DSP a_new0, operation Mode is: C+A:B.
DSP Report: operator a_new0 is absorbed into DSP a_new0.
DSP Report: Generating DSP a_new0, operation Mode is: PCIN+A:B+C.
DSP Report: operator a_new0 is absorbed into DSP a_new0.
DSP Report: Generating DSP a_new0, operation Mode is: PCIN+A:B.
DSP Report: operator a_new0 is absorbed into DSP a_new0.
DSP Report: Generating DSP a_new0, operation Mode is: C+A:B.
DSP Report: operator a_new0 is absorbed into DSP a_new0.
DSP Report: Generating DSP a_new0, operation Mode is: PCIN+A:B+C.
DSP Report: operator a_new0 is absorbed into DSP a_new0.
DSP Report: Generating DSP a_new0, operation Mode is: PCIN+A:B.
DSP Report: operator a_new0 is absorbed into DSP a_new0.
DSP Report: Generating DSP a_new0, operation Mode is: C+A:B.
DSP Report: operator a_new0 is absorbed into DSP a_new0.
DSP Report: Generating DSP a_new0, operation Mode is: PCIN+A:B+C.
DSP Report: operator a_new0 is absorbed into DSP a_new0.
DSP Report: Generating DSP a_new0, operation Mode is: PCIN+A:B.
DSP Report: operator a_new0 is absorbed into DSP a_new0.
INFO: [Synth 8-3333] propagating constant 0 across sequential element (\msg_block_gen[0].MESSAGE_BLOCK_reg[0][0] )
INFO: [Synth 8-3333] propagating constant 0 across sequential element (\msg_block_gen[0].MESSAGE_BLOCK_reg[0][1] )
INFO: [Synth 8-3333] propagating constant 0 across sequential element (\msg_block_gen[0].MESSAGE_BLOCK_reg[0][2] )
INFO: [Synth 8-3886] merging instance 'msg_block_gen[0].MESSAGE_BLOCK_reg[0][8]' (FD) to 'msg_block_gen[0].MESSAGE_BLOCK_reg[0][188]'
INFO: [Synth 8-3333] propagating constant 0 across sequential element (\msg_block_gen[0].MESSAGE_BLOCK_reg[0][9] )
INFO: [Synth 8-3333] propagating constant 0 across sequential element (\msg_block_gen[0].MESSAGE_BLOCK_reg[0][10] )
INFO: [Synth 8-3333] propagating constant 0 across sequential element (\msg_block_gen[0].MESSAGE_BLOCK_reg[0][11] )
INFO: [Synth 8-3333] propagating constant 0 across sequential element (\msg_block_gen[0].MESSAGE_BLOCK_reg[0][12] )
INFO: [Synth 8-3333] propagating constant 0 across sequential element (\msg_block_gen[0].MESSAGE_BLOCK_reg[0][13] )
INFO: [Synth 8-3333] propagating constant 0 across sequential element (\msg_block_gen[0].MESSAGE_BLOCK_reg[0][14] )
INFO: [Synth 8-3333] propagating constant 0 across sequential element (\msg_block_gen[0].MESSAGE_BLOCK_reg[0][15] )
INFO: [Synth 8-3333] propagating constant 0 across sequential element (\msg_block_gen[0].MESSAGE_BLOCK_reg[0][16] )
INFO: [Synth 8-3333] propagating constant 0 across sequential element (\msg_block_gen[0].MESSAGE_BLOCK_reg[0][17] )
INFO: [Synth 8-3333] propagating constant 0 across sequential element (\msg_block_gen[0].MESSAGE_BLOCK_reg[0][18] )
INFO: [Synth 8-3333] propagating constant 0 across sequential element (\msg_block_gen[0].MESSAGE_BLOCK_reg[0][19] )
INFO: [Synth 8-3333] propagating constant 0 across sequential element (\msg_block_gen[0].MESSAGE_BLOCK_reg[0][20] )
INFO: [Synth 8-3333] propagating constant 0 across sequential element (\msg_block_gen[0].MESSAGE_BLOCK_reg[0][21] )
INFO: [Synth 8-3333] propagating constant 0 across sequential element (\msg_block_gen[0].MESSAGE_BLOCK_reg[0][22] )
INFO: [Synth 8-3333] propagating constant 0 across sequential element (\msg_block_gen[0].MESSAGE_BLOCK_reg[0][23] )
INFO: [Synth 8-3333] propagating constant 0 across sequential element (\msg_block_gen[0].MESSAGE_BLOCK_reg[0][24] )
INFO: [Synth 8-3333] propagating constant 0 across sequential element (\msg_block_gen[0].MESSAGE_BLOCK_reg[0][25] )
INFO: [Synth 8-3333] propagating constant 0 across sequential element (\msg_block_gen[0].MESSAGE_BLOCK_reg[0][26] )
INFO: [Synth 8-3333] propagating constant 0 across sequential element (\msg_block_gen[0].MESSAGE_BLOCK_reg[0][27] )
INFO: [Synth 8-3333] propagating constant 0 across sequential element (\msg_block_gen[0].MESSAGE_BLOCK_reg[0][28] )
INFO: [Synth 8-3333] propagating constant 0 across sequential element (\msg_block_gen[0].MESSAGE_BLOCK_reg[0][29] )
INFO: [Synth 8-3333] propagating constant 0 across sequential element (\msg_block_gen[0].MESSAGE_BLOCK_reg[0][30] )
INFO: [Synth 8-3333] propagating constant 0 across sequential element (\msg_block_gen[0].MESSAGE_BLOCK_reg[0][31] )
INFO: [Synth 8-3333] propagating constant 0 across sequential element (\msg_block_gen[1].MESSAGE_BLOCK_reg[1][0] )
INFO: [Synth 8-3333] propagating constant 0 across sequential element (\msg_block_gen[1].MESSAGE_BLOCK_reg[1][1] )
INFO: [Synth 8-3333] propagating constant 0 across sequential element (\msg_block_gen[1].MESSAGE_BLOCK_reg[1][2] )
INFO: [Synth 8-3886] merging instance 'msg_block_gen[1].MESSAGE_BLOCK_reg[1][8]' (FD) to 'msg_block_gen[1].MESSAGE_BLOCK_reg[1][188]'
INFO: [Synth 8-3333] propagating constant 0 across sequential element (\msg_block_gen[1].MESSAGE_BLOCK_reg[1][9] )
INFO: [Synth 8-3333] propagating constant 0 across sequential element (\msg_block_gen[1].MESSAGE_BLOCK_reg[1][10] )
INFO: [Synth 8-3333] propagating constant 0 across sequential element (\msg_block_gen[1].MESSAGE_BLOCK_reg[1][11] )
INFO: [Synth 8-3333] propagating constant 0 across sequential element (\msg_block_gen[1].MESSAGE_BLOCK_reg[1][12] )
INFO: [Synth 8-3333] propagating constant 0 across sequential element (\msg_block_gen[1].MESSAGE_BLOCK_reg[1][13] )
INFO: [Synth 8-3333] propagating constant 0 across sequential element (\msg_block_gen[1].MESSAGE_BLOCK_reg[1][14] )
INFO: [Synth 8-3333] propagating constant 0 across sequential element (\msg_block_gen[1].MESSAGE_BLOCK_reg[1][15] )
INFO: [Synth 8-3333] propagating constant 0 across sequential element (\msg_block_gen[1].MESSAGE_BLOCK_reg[1][16] )
INFO: [Synth 8-3333] propagating constant 0 across sequential element (\msg_block_gen[1].MESSAGE_BLOCK_reg[1][17] )
INFO: [Synth 8-3333] propagating constant 0 across sequential element (\msg_block_gen[1].MESSAGE_BLOCK_reg[1][18] )
INFO: [Synth 8-3333] propagating constant 0 across sequential element (\msg_block_gen[1].MESSAGE_BLOCK_reg[1][19] )
INFO: [Synth 8-3333] propagating constant 0 across sequential element (\msg_block_gen[1].MESSAGE_BLOCK_reg[1][20] )
INFO: [Synth 8-3333] propagating constant 0 across sequential element (\msg_block_gen[1].MESSAGE_BLOCK_reg[1][21] )
INFO: [Synth 8-3333] propagating constant 0 across sequential element (\msg_block_gen[1].MESSAGE_BLOCK_reg[1][22] )
INFO: [Synth 8-3333] propagating constant 0 across sequential element (\msg_block_gen[1].MESSAGE_BLOCK_reg[1][23] )
INFO: [Synth 8-3333] propagating constant 0 across sequential element (\msg_block_gen[1].MESSAGE_BLOCK_reg[1][24] )
INFO: [Synth 8-3333] propagating constant 0 across sequential element (\msg_block_gen[1].MESSAGE_BLOCK_reg[1][25] )
INFO: [Synth 8-3333] propagating constant 0 across sequential element (\msg_block_gen[1].MESSAGE_BLOCK_reg[1][26] )
INFO: [Synth 8-3333] propagating constant 0 across sequential element (\msg_block_gen[1].MESSAGE_BLOCK_reg[1][27] )
INFO: [Synth 8-3333] propagating constant 0 across sequential element (\msg_block_gen[1].MESSAGE_BLOCK_reg[1][28] )
INFO: [Synth 8-3333] propagating constant 0 across sequential element (\msg_block_gen[1].MESSAGE_BLOCK_reg[1][29] )
INFO: [Synth 8-3333] propagating constant 0 across sequential element (\msg_block_gen[1].MESSAGE_BLOCK_reg[1][30] )
INFO: [Synth 8-3333] propagating constant 0 across sequential element (\msg_block_gen[1].MESSAGE_BLOCK_reg[1][31] )
INFO: [Synth 8-3333] propagating constant 0 across sequential element (\msg_block_gen[11].MESSAGE_BLOCK_reg[11][0] )
INFO: [Synth 8-3333] propagating constant 0 across sequential element (\msg_block_gen[11].MESSAGE_BLOCK_reg[11][1] )
INFO: [Synth 8-3333] propagating constant 0 across sequential element (\msg_block_gen[11].MESSAGE_BLOCK_reg[11][2] )
INFO: [Synth 8-3886] merging instance 'msg_block_gen[11].MESSAGE_BLOCK_reg[11][8]' (FD) to 'msg_block_gen[11].MESSAGE_BLOCK_reg[11][188]'
INFO: [Synth 8-3333] propagating constant 0 across sequential element (\msg_block_gen[11].MESSAGE_BLOCK_reg[11][9] )
INFO: [Synth 8-3333] propagating constant 0 across sequential element (\msg_block_gen[11].MESSAGE_BLOCK_reg[11][10] )
INFO: [Synth 8-3333] propagating constant 0 across sequential element (\msg_block_gen[11].MESSAGE_BLOCK_reg[11][11] )
INFO: [Synth 8-3333] propagating constant 0 across sequential element (\msg_block_gen[11].MESSAGE_BLOCK_reg[11][12] )
INFO: [Synth 8-3333] propagating constant 0 across sequential element (\msg_block_gen[11].MESSAGE_BLOCK_reg[11][13] )
INFO: [Synth 8-3333] propagating constant 0 across sequential element (\msg_block_gen[11].MESSAGE_BLOCK_reg[11][14] )
INFO: [Synth 8-3333] propagating constant 0 across sequential element (\msg_block_gen[11].MESSAGE_BLOCK_reg[11][15] )
INFO: [Synth 8-3333] propagating constant 0 across sequential element (\msg_block_gen[11].MESSAGE_BLOCK_reg[11][16] )
INFO: [Synth 8-3333] propagating constant 0 across sequential element (\msg_block_gen[11].MESSAGE_BLOCK_reg[11][17] )
INFO: [Synth 8-3333] propagating constant 0 across sequential element (\msg_block_gen[11].MESSAGE_BLOCK_reg[11][18] )
INFO: [Synth 8-3333] propagating constant 0 across sequential element (\msg_block_gen[11].MESSAGE_BLOCK_reg[11][19] )
INFO: [Synth 8-3333] propagating constant 0 across sequential element (\msg_block_gen[11].MESSAGE_BLOCK_reg[11][20] )
INFO: [Synth 8-3333] propagating constant 0 across sequential element (\msg_block_gen[11].MESSAGE_BLOCK_reg[11][21] )
INFO: [Synth 8-3333] propagating constant 0 across sequential element (\msg_block_gen[11].MESSAGE_BLOCK_reg[11][22] )
INFO: [Synth 8-3333] propagating constant 0 across sequential element (\msg_block_gen[11].MESSAGE_BLOCK_reg[11][23] )
INFO: [Synth 8-3333] propagating constant 0 across sequential element (\msg_block_gen[11].MESSAGE_BLOCK_reg[11][24] )
INFO: [Synth 8-3333] propagating constant 0 across sequential element (\msg_block_gen[11].MESSAGE_BLOCK_reg[11][25] )
INFO: [Synth 8-3333] propagating constant 0 across sequential element (\msg_block_gen[11].MESSAGE_BLOCK_reg[11][26] )
INFO: [Synth 8-3333] propagating constant 0 across sequential element (\msg_block_gen[11].MESSAGE_BLOCK_reg[11][27] )
INFO: [Synth 8-3333] propagating constant 0 across sequential element (\msg_block_gen[11].MESSAGE_BLOCK_reg[11][28] )
INFO: [Synth 8-3333] propagating constant 0 across sequential element (\msg_block_gen[11].MESSAGE_BLOCK_reg[11][29] )
INFO: [Synth 8-3333] propagating constant 0 across sequential element (\msg_block_gen[11].MESSAGE_BLOCK_reg[11][30] )
INFO: [Synth 8-3333] propagating constant 0 across sequential element (\msg_block_gen[11].MESSAGE_BLOCK_reg[11][31] )
INFO: [Synth 8-3333] propagating constant 0 across sequential element (\msg_block_gen[12].MESSAGE_BLOCK_reg[12][0] )
INFO: [Synth 8-3333] propagating constant 0 across sequential element (\msg_block_gen[12].MESSAGE_BLOCK_reg[12][1] )
INFO: [Synth 8-3333] propagating constant 0 across sequential element (\msg_block_gen[12].MESSAGE_BLOCK_reg[12][2] )
INFO: [Synth 8-3886] merging instance 'msg_block_gen[12].MESSAGE_BLOCK_reg[12][8]' (FD) to 'msg_block_gen[12].MESSAGE_BLOCK_reg[12][188]'
INFO: [Synth 8-3333] propagating constant 0 across sequential element (\msg_block_gen[12].MESSAGE_BLOCK_reg[12][9] )
INFO: [Synth 8-3333] propagating constant 0 across sequential element (\msg_block_gen[12].MESSAGE_BLOCK_reg[12][10] )
INFO: [Synth 8-3333] propagating constant 0 across sequential element (\msg_block_gen[12].MESSAGE_BLOCK_reg[12][11] )
INFO: [Synth 8-3333] propagating constant 0 across sequential element (\msg_block_gen[12].MESSAGE_BLOCK_reg[12][12] )
INFO: [Synth 8-3333] propagating constant 0 across sequential element (\msg_block_gen[12].MESSAGE_BLOCK_reg[12][13] )
INFO: [Synth 8-3333] propagating constant 0 across sequential element (\msg_block_gen[12].MESSAGE_BLOCK_reg[12][14] )
INFO: [Synth 8-3333] propagating constant 0 across sequential element (\msg_block_gen[12].MESSAGE_BLOCK_reg[12][15] )
INFO: [Synth 8-3333] propagating constant 0 across sequential element (\msg_block_gen[12].MESSAGE_BLOCK_reg[12][16] )
INFO: [Synth 8-3333] propagating constant 0 across sequential element (\msg_block_gen[12].MESSAGE_BLOCK_reg[12][17] )
INFO: [Synth 8-3333] propagating constant 0 across sequential element (\msg_block_gen[12].MESSAGE_BLOCK_reg[12][18] )
INFO: [Synth 8-3333] propagating constant 0 across sequential element (\msg_block_gen[12].MESSAGE_BLOCK_reg[12][19] )
INFO: [Synth 8-3333] propagating constant 0 across sequential element (\msg_block_gen[12].MESSAGE_BLOCK_reg[12][20] )
INFO: [Synth 8-3333] propagating constant 0 across sequential element (\msg_block_gen[12].MESSAGE_BLOCK_reg[12][21] )
INFO: [Synth 8-3333] propagating constant 0 across sequential element (\msg_block_gen[12].MESSAGE_BLOCK_reg[12][22] )
INFO: [Synth 8-3333] propagating constant 0 across sequential element (\msg_block_gen[12].MESSAGE_BLOCK_reg[12][23] )
INFO: [Synth 8-3333] propagating constant 0 across sequential element (\msg_block_gen[12].MESSAGE_BLOCK_reg[12][24] )
INFO: [Synth 8-3333] propagating constant 0 across sequential element (\msg_block_gen[12].MESSAGE_BLOCK_reg[12][25] )
INFO: [Synth 8-3333] propagating constant 0 across sequential element (\msg_block_gen[12].MESSAGE_BLOCK_reg[12][26] )
INFO: [Synth 8-3333] propagating constant 0 across sequential element (\msg_block_gen[12].MESSAGE_BLOCK_reg[12][27] )
INFO: [Common 17-14] Message 'Synth 8-3333' appears 100 times and further instances of the messages will be disabled. Use the Tcl command set_msg_config to change the current settings.
INFO: [Common 17-14] Message 'Synth 8-3333' appears 100 times and further instances of the messages will be disabled. Use the Tcl command set_msg_config to change the current settings.
INFO: [Synth 8-3886] merging instance 'msg_block_gen[0].MESSAGE_BLOCK_reg[0][119]' (FD) to 'msg_block_gen[0].MESSAGE_BLOCK_reg[0][124]'
INFO: [Synth 8-3886] merging instance 'msg_block_gen[0].MESSAGE_BLOCK_reg[0][124]' (FD) to 'msg_block_gen[0].MESSAGE_BLOCK_reg[0][125]'
INFO: [Synth 8-3886] merging instance 'msg_block_gen[1].MESSAGE_BLOCK_reg[1][119]' (FD) to 'msg_block_gen[1].MESSAGE_BLOCK_reg[1][124]'
INFO: [Synth 8-3886] merging instance 'msg_block_gen[1].MESSAGE_BLOCK_reg[1][124]' (FD) to 'msg_block_gen[1].MESSAGE_BLOCK_reg[1][125]'
INFO: [Synth 8-3886] merging instance 'msg_block_gen[11].MESSAGE_BLOCK_reg[11][119]' (FD) to 'msg_block_gen[11].MESSAGE_BLOCK_reg[11][124]'
INFO: [Synth 8-3886] merging instance 'msg_block_gen[11].MESSAGE_BLOCK_reg[11][124]' (FD) to 'msg_block_gen[11].MESSAGE_BLOCK_reg[11][125]'
INFO: [Synth 8-3886] merging instance 'msg_block_gen[12].MESSAGE_BLOCK_reg[12][119]' (FD) to 'msg_block_gen[12].MESSAGE_BLOCK_reg[12][124]'
INFO: [Synth 8-3886] merging instance 'msg_block_gen[12].MESSAGE_BLOCK_reg[12][124]' (FD) to 'msg_block_gen[12].MESSAGE_BLOCK_reg[12][125]'
INFO: [Synth 8-3886] merging instance 'msg_block_gen[0].MESSAGE_BLOCK_reg[0][132]' (FD) to 'msg_block_gen[0].MESSAGE_BLOCK_reg[0][133]'
INFO: [Synth 8-3886] merging instance 'msg_block_gen[0].MESSAGE_BLOCK_reg[0][140]' (FD) to 'msg_block_gen[0].MESSAGE_BLOCK_reg[0][141]'
INFO: [Synth 8-3886] merging instance 'msg_block_gen[0].MESSAGE_BLOCK_reg[0][148]' (FD) to 'msg_block_gen[0].MESSAGE_BLOCK_reg[0][149]'
INFO: [Synth 8-3886] merging instance 'msg_block_gen[0].MESSAGE_BLOCK_reg[0][156]' (FD) to 'msg_block_gen[0].MESSAGE_BLOCK_reg[0][157]'
INFO: [Synth 8-3886] merging instance 'msg_block_gen[1].MESSAGE_BLOCK_reg[1][132]' (FD) to 'msg_block_gen[1].MESSAGE_BLOCK_reg[1][133]'
INFO: [Synth 8-3886] merging instance 'msg_block_gen[1].MESSAGE_BLOCK_reg[1][140]' (FD) to 'msg_block_gen[1].MESSAGE_BLOCK_reg[1][141]'
INFO: [Synth 8-3886] merging instance 'msg_block_gen[1].MESSAGE_BLOCK_reg[1][148]' (FD) to 'msg_block_gen[1].MESSAGE_BLOCK_reg[1][149]'
INFO: [Synth 8-3886] merging instance 'msg_block_gen[1].MESSAGE_BLOCK_reg[1][156]' (FD) to 'msg_block_gen[1].MESSAGE_BLOCK_reg[1][157]'
INFO: [Synth 8-3886] merging instance 'msg_block_gen[11].MESSAGE_BLOCK_reg[11][132]' (FD) to 'msg_block_gen[11].MESSAGE_BLOCK_reg[11][133]'
INFO: [Synth 8-3886] merging instance 'msg_block_gen[11].MESSAGE_BLOCK_reg[11][140]' (FD) to 'msg_block_gen[11].MESSAGE_BLOCK_reg[11][141]'
INFO: [Synth 8-3886] merging instance 'msg_block_gen[11].MESSAGE_BLOCK_reg[11][148]' (FD) to 'msg_block_gen[11].MESSAGE_BLOCK_reg[11][149]'
INFO: [Synth 8-3886] merging instance 'msg_block_gen[11].MESSAGE_BLOCK_reg[11][156]' (FD) to 'msg_block_gen[11].MESSAGE_BLOCK_reg[11][157]'
INFO: [Synth 8-3886] merging instance 'msg_block_gen[12].MESSAGE_BLOCK_reg[12][132]' (FD) to 'msg_block_gen[12].MESSAGE_BLOCK_reg[12][133]'
INFO: [Synth 8-3886] merging instance 'msg_block_gen[12].MESSAGE_BLOCK_reg[12][140]' (FD) to 'msg_block_gen[12].MESSAGE_BLOCK_reg[12][141]'
INFO: [Synth 8-3886] merging instance 'msg_block_gen[12].MESSAGE_BLOCK_reg[12][148]' (FD) to 'msg_block_gen[12].MESSAGE_BLOCK_reg[12][149]'
INFO: [Synth 8-3886] merging instance 'msg_block_gen[12].MESSAGE_BLOCK_reg[12][156]' (FD) to 'msg_block_gen[12].MESSAGE_BLOCK_reg[12][157]'
INFO: [Synth 8-3886] merging instance 'msg_block_gen[0].MESSAGE_BLOCK_reg[0][164]' (FD) to 'msg_block_gen[0].MESSAGE_BLOCK_reg[0][165]'
INFO: [Synth 8-3886] merging instance 'msg_block_gen[0].MESSAGE_BLOCK_reg[0][172]' (FD) to 'msg_block_gen[0].MESSAGE_BLOCK_reg[0][173]'
INFO: [Synth 8-3886] merging instance 'msg_block_gen[0].MESSAGE_BLOCK_reg[0][180]' (FD) to 'msg_block_gen[0].MESSAGE_BLOCK_reg[0][181]'
INFO: [Synth 8-3886] merging instance 'msg_block_gen[0].MESSAGE_BLOCK_reg[0][188]' (FD) to 'msg_block_gen[0].MESSAGE_BLOCK_reg[0][189]'
INFO: [Synth 8-3886] merging instance 'msg_block_gen[1].MESSAGE_BLOCK_reg[1][164]' (FD) to 'msg_block_gen[1].MESSAGE_BLOCK_reg[1][165]'
INFO: [Synth 8-3886] merging instance 'msg_block_gen[1].MESSAGE_BLOCK_reg[1][172]' (FD) to 'msg_block_gen[1].MESSAGE_BLOCK_reg[1][173]'
INFO: [Synth 8-3886] merging instance 'msg_block_gen[1].MESSAGE_BLOCK_reg[1][180]' (FD) to 'msg_block_gen[1].MESSAGE_BLOCK_reg[1][181]'
INFO: [Synth 8-3886] merging instance 'msg_block_gen[1].MESSAGE_BLOCK_reg[1][188]' (FD) to 'msg_block_gen[1].MESSAGE_BLOCK_reg[1][189]'
INFO: [Synth 8-3886] merging instance 'msg_block_gen[11].MESSAGE_BLOCK_reg[11][164]' (FD) to 'msg_block_gen[11].MESSAGE_BLOCK_reg[11][165]'
INFO: [Synth 8-3886] merging instance 'msg_block_gen[11].MESSAGE_BLOCK_reg[11][172]' (FD) to 'msg_block_gen[11].MESSAGE_BLOCK_reg[11][173]'
INFO: [Synth 8-3886] merging instance 'msg_block_gen[11].MESSAGE_BLOCK_reg[11][180]' (FD) to 'msg_block_gen[11].MESSAGE_BLOCK_reg[11][181]'
INFO: [Synth 8-3886] merging instance 'msg_block_gen[11].MESSAGE_BLOCK_reg[11][188]' (FD) to 'msg_block_gen[11].MESSAGE_BLOCK_reg[11][189]'
INFO: [Synth 8-3886] merging instance 'msg_block_gen[12].MESSAGE_BLOCK_reg[12][164]' (FD) to 'msg_block_gen[12].MESSAGE_BLOCK_reg[12][165]'
INFO: [Synth 8-3886] merging instance 'msg_block_gen[12].MESSAGE_BLOCK_reg[12][172]' (FD) to 'msg_block_gen[12].MESSAGE_BLOCK_reg[12][173]'
INFO: [Synth 8-3886] merging instance 'msg_block_gen[12].MESSAGE_BLOCK_reg[12][180]' (FD) to 'msg_block_gen[12].MESSAGE_BLOCK_reg[12][181]'
INFO: [Synth 8-3886] merging instance 'msg_block_gen[12].MESSAGE_BLOCK_reg[12][188]' (FD) to 'msg_block_gen[12].MESSAGE_BLOCK_reg[12][189]'
INFO: [Synth 8-3886] merging instance 'msg_block_gen[0].MESSAGE_BLOCK_reg[0][192]' (FD) to 'msg_block_gen[11].MESSAGE_BLOCK_reg[11][192]'
INFO: [Synth 8-3886] merging instance 'msg_block_gen[0].MESSAGE_BLOCK_reg[0][193]' (FD) to 'msg_block_gen[11].MESSAGE_BLOCK_reg[11][193]'
INFO: [Synth 8-3886] merging instance 'msg_block_gen[0].MESSAGE_BLOCK_reg[0][194]' (FD) to 'msg_block_gen[11].MESSAGE_BLOCK_reg[11][194]'
INFO: [Synth 8-3886] merging instance 'msg_block_gen[0].MESSAGE_BLOCK_reg[0][195]' (FD) to 'msg_block_gen[11].MESSAGE_BLOCK_reg[11][195]'
INFO: [Synth 8-3886] merging instance 'msg_block_gen[0].MESSAGE_BLOCK_reg[0][196]' (FD) to 'msg_block_gen[11].MESSAGE_BLOCK_reg[11][196]'
INFO: [Synth 8-3886] merging instance 'msg_block_gen[0].MESSAGE_BLOCK_reg[0][197]' (FD) to 'msg_block_gen[11].MESSAGE_BLOCK_reg[11][197]'
INFO: [Synth 8-3886] merging instance 'msg_block_gen[0].MESSAGE_BLOCK_reg[0][198]' (FD) to 'msg_block_gen[11].MESSAGE_BLOCK_reg[11][198]'
INFO: [Synth 8-3886] merging instance 'msg_block_gen[0].MESSAGE_BLOCK_reg[0][199]' (FD) to 'msg_block_gen[11].MESSAGE_BLOCK_reg[11][199]'
INFO: [Synth 8-3886] merging instance 'msg_block_gen[0].MESSAGE_BLOCK_reg[0][200]' (FD) to 'msg_block_gen[11].MESSAGE_BLOCK_reg[11][200]'
INFO: [Synth 8-3886] merging instance 'msg_block_gen[0].MESSAGE_BLOCK_reg[0][201]' (FD) to 'msg_block_gen[11].MESSAGE_BLOCK_reg[11][201]'
INFO: [Synth 8-3886] merging instance 'msg_block_gen[0].MESSAGE_BLOCK_reg[0][202]' (FD) to 'msg_block_gen[11].MESSAGE_BLOCK_reg[11][202]'
INFO: [Synth 8-3886] merging instance 'msg_block_gen[0].MESSAGE_BLOCK_reg[0][203]' (FD) to 'msg_block_gen[11].MESSAGE_BLOCK_reg[11][203]'
INFO: [Synth 8-3886] merging instance 'msg_block_gen[0].MESSAGE_BLOCK_reg[0][204]' (FD) to 'msg_block_gen[11].MESSAGE_BLOCK_reg[11][204]'
INFO: [Synth 8-3886] merging instance 'msg_block_gen[0].MESSAGE_BLOCK_reg[0][205]' (FD) to 'msg_block_gen[11].MESSAGE_BLOCK_reg[11][205]'
INFO: [Synth 8-3886] merging instance 'msg_block_gen[0].MESSAGE_BLOCK_reg[0][206]' (FD) to 'msg_block_gen[11].MESSAGE_BLOCK_reg[11][206]'
INFO: [Synth 8-3886] merging instance 'msg_block_gen[0].MESSAGE_BLOCK_reg[0][207]' (FD) to 'msg_block_gen[11].MESSAGE_BLOCK_reg[11][207]'
INFO: [Synth 8-3886] merging instance 'msg_block_gen[0].MESSAGE_BLOCK_reg[0][208]' (FD) to 'msg_block_gen[11].MESSAGE_BLOCK_reg[11][208]'
INFO: [Synth 8-3886] merging instance 'msg_block_gen[0].MESSAGE_BLOCK_reg[0][209]' (FD) to 'msg_block_gen[11].MESSAGE_BLOCK_reg[11][209]'
INFO: [Synth 8-3886] merging instance 'msg_block_gen[0].MESSAGE_BLOCK_reg[0][210]' (FD) to 'msg_block_gen[11].MESSAGE_BLOCK_reg[11][210]'
INFO: [Synth 8-3886] merging instance 'msg_block_gen[0].MESSAGE_BLOCK_reg[0][211]' (FD) to 'msg_block_gen[11].MESSAGE_BLOCK_reg[11][211]'
INFO: [Synth 8-3886] merging instance 'msg_block_gen[0].MESSAGE_BLOCK_reg[0][212]' (FD) to 'msg_block_gen[11].MESSAGE_BLOCK_reg[11][212]'
INFO: [Synth 8-3886] merging instance 'msg_block_gen[0].MESSAGE_BLOCK_reg[0][213]' (FD) to 'msg_block_gen[11].MESSAGE_BLOCK_reg[11][213]'
INFO: [Synth 8-3886] merging instance 'msg_block_gen[0].MESSAGE_BLOCK_reg[0][214]' (FD) to 'msg_block_gen[11].MESSAGE_BLOCK_reg[11][214]'
INFO: [Synth 8-3886] merging instance 'msg_block_gen[0].MESSAGE_BLOCK_reg[0][215]' (FD) to 'msg_block_gen[11].MESSAGE_BLOCK_reg[11][215]'
INFO: [Synth 8-3886] merging instance 'msg_block_gen[0].MESSAGE_BLOCK_reg[0][216]' (FD) to 'msg_block_gen[11].MESSAGE_BLOCK_reg[11][216]'
INFO: [Synth 8-3886] merging instance 'msg_block_gen[0].MESSAGE_BLOCK_reg[0][217]' (FD) to 'msg_block_gen[11].MESSAGE_BLOCK_reg[11][217]'
INFO: [Synth 8-3886] merging instance 'msg_block_gen[0].MESSAGE_BLOCK_reg[0][218]' (FD) to 'msg_block_gen[11].MESSAGE_BLOCK_reg[11][218]'
INFO: [Synth 8-3886] merging instance 'msg_block_gen[0].MESSAGE_BLOCK_reg[0][219]' (FD) to 'msg_block_gen[11].MESSAGE_BLOCK_reg[11][219]'
INFO: [Synth 8-3886] merging instance 'msg_block_gen[0].MESSAGE_BLOCK_reg[0][220]' (FD) to 'msg_block_gen[11].MESSAGE_BLOCK_reg[11][220]'
INFO: [Synth 8-3886] merging instance 'msg_block_gen[0].MESSAGE_BLOCK_reg[0][221]' (FD) to 'msg_block_gen[11].MESSAGE_BLOCK_reg[11][221]'
INFO: [Synth 8-3886] merging instance 'msg_block_gen[0].MESSAGE_BLOCK_reg[0][222]' (FD) to 'msg_block_gen[11].MESSAGE_BLOCK_reg[11][222]'
INFO: [Synth 8-3886] merging instance 'msg_block_gen[0].MESSAGE_BLOCK_reg[0][223]' (FD) to 'msg_block_gen[11].MESSAGE_BLOCK_reg[11][223]'
INFO: [Synth 8-3886] merging instance 'msg_block_gen[1].MESSAGE_BLOCK_reg[1][192]' (FD) to 'msg_block_gen[11].MESSAGE_BLOCK_reg[11][192]'
INFO: [Synth 8-3886] merging instance 'msg_block_gen[1].MESSAGE_BLOCK_reg[1][193]' (FD) to 'msg_block_gen[11].MESSAGE_BLOCK_reg[11][193]'
INFO: [Synth 8-3886] merging instance 'msg_block_gen[1].MESSAGE_BLOCK_reg[1][194]' (FD) to 'msg_block_gen[11].MESSAGE_BLOCK_reg[11][194]'
INFO: [Synth 8-3886] merging instance 'msg_block_gen[1].MESSAGE_BLOCK_reg[1][195]' (FD) to 'msg_block_gen[11].MESSAGE_BLOCK_reg[11][195]'
INFO: [Synth 8-3886] merging instance 'msg_block_gen[1].MESSAGE_BLOCK_reg[1][196]' (FD) to 'msg_block_gen[11].MESSAGE_BLOCK_reg[11][196]'
INFO: [Synth 8-3886] merging instance 'msg_block_gen[1].MESSAGE_BLOCK_reg[1][197]' (FD) to 'msg_block_gen[11].MESSAGE_BLOCK_reg[11][197]'
INFO: [Synth 8-3886] merging instance 'msg_block_gen[1].MESSAGE_BLOCK_reg[1][198]' (FD) to 'msg_block_gen[11].MESSAGE_BLOCK_reg[11][198]'
INFO: [Synth 8-3886] merging instance 'msg_block_gen[1].MESSAGE_BLOCK_reg[1][199]' (FD) to 'msg_block_gen[11].MESSAGE_BLOCK_reg[11][199]'
INFO: [Synth 8-3886] merging instance 'msg_block_gen[1].MESSAGE_BLOCK_reg[1][200]' (FD) to 'msg_block_gen[11].MESSAGE_BLOCK_reg[11][200]'
INFO: [Synth 8-3886] merging instance 'msg_block_gen[1].MESSAGE_BLOCK_reg[1][201]' (FD) to 'msg_block_gen[11].MESSAGE_BLOCK_reg[11][201]'
INFO: [Synth 8-3886] merging instance 'msg_block_gen[1].MESSAGE_BLOCK_reg[1][202]' (FD) to 'msg_block_gen[11].MESSAGE_BLOCK_reg[11][202]'
INFO: [Synth 8-3886] merging instance 'msg_block_gen[1].MESSAGE_BLOCK_reg[1][203]' (FD) to 'msg_block_gen[11].MESSAGE_BLOCK_reg[11][203]'
INFO: [Synth 8-3886] merging instance 'msg_block_gen[1].MESSAGE_BLOCK_reg[1][204]' (FD) to 'msg_block_gen[11].MESSAGE_BLOCK_reg[11][204]'
INFO: [Synth 8-3886] merging instance 'msg_block_gen[1].MESSAGE_BLOCK_reg[1][205]' (FD) to 'msg_block_gen[11].MESSAGE_BLOCK_reg[11][205]'
INFO: [Synth 8-3886] merging instance 'msg_block_gen[1].MESSAGE_BLOCK_reg[1][206]' (FD) to 'msg_block_gen[11].MESSAGE_BLOCK_reg[11][206]'
INFO: [Synth 8-3886] merging instance 'msg_block_gen[1].MESSAGE_BLOCK_reg[1][207]' (FD) to 'msg_block_gen[11].MESSAGE_BLOCK_reg[11][207]'
INFO: [Synth 8-3886] merging instance 'msg_block_gen[1].MESSAGE_BLOCK_reg[1][208]' (FD) to 'msg_block_gen[11].MESSAGE_BLOCK_reg[11][208]'
INFO: [Synth 8-3886] merging instance 'msg_block_gen[1].MESSAGE_BLOCK_reg[1][209]' (FD) to 'msg_block_gen[11].MESSAGE_BLOCK_reg[11][209]'
INFO: [Synth 8-3886] merging instance 'msg_block_gen[1].MESSAGE_BLOCK_reg[1][210]' (FD) to 'msg_block_gen[11].MESSAGE_BLOCK_reg[11][210]'
INFO: [Synth 8-3886] merging instance 'msg_block_gen[1].MESSAGE_BLOCK_reg[1][211]' (FD) to 'msg_block_gen[11].MESSAGE_BLOCK_reg[11][211]'
INFO: [Synth 8-3886] merging instance 'msg_block_gen[1].MESSAGE_BLOCK_reg[1][212]' (FD) to 'msg_block_gen[11].MESSAGE_BLOCK_reg[11][212]'
INFO: [Synth 8-3886] merging instance 'msg_block_gen[1].MESSAGE_BLOCK_reg[1][213]' (FD) to 'msg_block_gen[11].MESSAGE_BLOCK_reg[11][213]'
INFO: [Synth 8-3886] merging instance 'msg_block_gen[1].MESSAGE_BLOCK_reg[1][214]' (FD) to 'msg_block_gen[11].MESSAGE_BLOCK_reg[11][214]'
INFO: [Synth 8-3886] merging instance 'msg_block_gen[1].MESSAGE_BLOCK_reg[1][215]' (FD) to 'msg_block_gen[11].MESSAGE_BLOCK_reg[11][215]'
INFO: [Common 17-14] Message 'Synth 8-3886' appears 100 times and further instances of the messages will be disabled. Use the Tcl command set_msg_config to change the current settings.
INFO: [Common 17-14] Message 'Synth 8-3886' appears 100 times and further instances of the messages will be disabled. Use the Tcl command set_msg_config to change the current settings.
DSP Report: Generating DSP a_new0, operation Mode is: C+A:B.
DSP Report: operator a_new0 is absorbed into DSP a_new0.
DSP Report: Generating DSP a_new0, operation Mode is: PCIN+A:B+C.
DSP Report: operator a_new0 is absorbed into DSP a_new0.
DSP Report: Generating DSP a_new0, operation Mode is: PCIN+A:B.
DSP Report: operator a_new0 is absorbed into DSP a_new0.
DSP Report: Generating DSP a_new0, operation Mode is: C+A:B.
DSP Report: operator a_new0 is absorbed into DSP a_new0.
DSP Report: Generating DSP a_new0, operation Mode is: PCIN+A:B+C.
DSP Report: operator a_new0 is absorbed into DSP a_new0.
DSP Report: Generating DSP a_new0, operation Mode is: PCIN+A:B.
DSP Report: operator a_new0 is absorbed into DSP a_new0.
DSP Report: Generating DSP a_new0, operation Mode is: C+A:B.
DSP Report: operator a_new0 is absorbed into DSP a_new0.
DSP Report: Generating DSP a_new0, operation Mode is: PCIN+A:B+C.
DSP Report: operator a_new0 is absorbed into DSP a_new0.
DSP Report: Generating DSP a_new0, operation Mode is: PCIN+A:B.
DSP Report: operator a_new0 is absorbed into DSP a_new0.
INFO: [Common 17-14] Message 'Synth 8-3333' appears 100 times and further instances of the messages will be disabled. Use the Tcl command set_msg_config to change the current settings.
DSP Report: Generating DSP a_new0, operation Mode is: C+A:B.
DSP Report: operator a_new0 is absorbed into DSP a_new0.
DSP Report: Generating DSP a_new0, operation Mode is: PCIN+A:B+C.
DSP Report: operator a_new0 is absorbed into DSP a_new0.
DSP Report: Generating DSP a_new0, operation Mode is: PCIN+A:B.
DSP Report: operator a_new0 is absorbed into DSP a_new0.
DSP Report: Generating DSP a_new0, operation Mode is: C+A:B.
DSP Report: operator a_new0 is absorbed into DSP a_new0.
DSP Report: Generating DSP a_new0, operation Mode is: PCIN+A:B+C.
DSP Report: operator a_new0 is absorbed into DSP a_new0.
DSP Report: Generating DSP a_new0, operation Mode is: PCIN+A:B.
DSP Report: operator a_new0 is absorbed into DSP a_new0.
DSP Report: Generating DSP a_new0, operation Mode is: C+A:B.
DSP Report: operator a_new0 is absorbed into DSP a_new0.
DSP Report: Generating DSP a_new0, operation Mode is: PCIN+A:B+C.
DSP Report: operator a_new0 is absorbed into DSP a_new0.
DSP Report: Generating DSP a_new0, operation Mode is: PCIN+A:B.
DSP Report: operator a_new0 is absorbed into DSP a_new0.
DSP Report: Generating DSP a_new0, operation Mode is: C+A:B.
DSP Report: operator a_new0 is absorbed into DSP a_new0.
DSP Report: Generating DSP a_new0, operation Mode is: PCIN+A:B+C.
DSP Report: operator a_new0 is absorbed into DSP a_new0.
DSP Report: Generating DSP a_new0, operation Mode is: PCIN+A:B.
DSP Report: operator a_new0 is absorbed into DSP a_new0.
DSP Report: Generating DSP a_new0, operation Mode is: C+A:B.
DSP Report: operator a_new0 is absorbed into DSP a_new0.
DSP Report: Generating DSP a_new0, operation Mode is: PCIN+A:B+C.
DSP Report: operator a_new0 is absorbed into DSP a_new0.
DSP Report: Generating DSP a_new0, operation Mode is: PCIN+A:B.
DSP Report: operator a_new0 is absorbed into DSP a_new0.
DSP Report: Generating DSP a_new0, operation Mode is: C+A:B.
DSP Report: operator a_new0 is absorbed into DSP a_new0.
DSP Report: Generating DSP a_new0, operation Mode is: PCIN+A:B+C.
DSP Report: operator a_new0 is absorbed into DSP a_new0.
DSP Report: Generating DSP a_new0, operation Mode is: PCIN+A:B.
DSP Report: operator a_new0 is absorbed into DSP a_new0.
DSP Report: Generating DSP a_new0, operation Mode is: C+A:B.
DSP Report: operator a_new0 is absorbed into DSP a_new0.
DSP Report: Generating DSP a_new0, operation Mode is: PCIN+A:B+C.
DSP Report: operator a_new0 is absorbed into DSP a_new0.
DSP Report: Generating DSP a_new0, operation Mode is: PCIN+A:B.
DSP Report: operator a_new0 is absorbed into DSP a_new0.
DSP Report: Generating DSP a_new0, operation Mode is: C+A:B.
DSP Report: operator a_new0 is absorbed into DSP a_new0.
DSP Report: Generating DSP a_new0, operation Mode is: PCIN+A:B+C.
DSP Report: operator a_new0 is absorbed into DSP a_new0.
DSP Report: Generating DSP a_new0, operation Mode is: PCIN+A:B.
DSP Report: operator a_new0 is absorbed into DSP a_new0.
INFO: [Common 17-14] Message 'Synth 8-3886' appears 100 times and further instances of the messages will be disabled. Use the Tcl command set_msg_config to change the current settings.
DSP Report: Generating DSP a_new0, operation Mode is: C+A:B.
DSP Report: operator a_new0 is absorbed into DSP a_new0.
DSP Report: Generating DSP a_new0, operation Mode is: PCIN+A:B+C.
DSP Report: operator a_new0 is absorbed into DSP a_new0.
DSP Report: Generating DSP a_new0, operation Mode is: PCIN+A:B.
DSP Report: operator a_new0 is absorbed into DSP a_new0.
DSP Report: Generating DSP a_new0, operation Mode is: C+A:B.
DSP Report: operator a_new0 is absorbed into DSP a_new0.
DSP Report: Generating DSP a_new0, operation Mode is: PCIN+A:B+C.
DSP Report: operator a_new0 is absorbed into DSP a_new0.
DSP Report: Generating DSP a_new0, operation Mode is: PCIN+A:B.
DSP Report: operator a_new0 is absorbed into DSP a_new0.
---------------------------------------------------------------------------------
Finished Cross Boundary and Area Optimization : Time (s): cpu = 00:01:35 ; elapsed = 00:02:05 . Memory (MB): peak = 916.578 ; gain = 608.590
---------------------------------------------------------------------------------
---------------------------------------------------------------------------------
Start ROM, RAM, DSP and Shift Register Reporting
---------------------------------------------------------------------------------

DSP: Preliminary Mapping  Report (see note below)
+------------+-------------+--------+--------+--------+--------+--------+------+------+------+------+-------+------+------+
|Module Name | DSP Mapping | A Size | B Size | C Size | D Size | P Size | AREG | BREG | CREG | DREG | ADREG | MREG | PREG | 
+------------+-------------+--------+--------+--------+--------+--------+------+------+------+------+-------+------+------+
|sha1_core   | C+A:B       | 14     | 18     | 32     | -      | 32     | 0    | 0    | 0    | -    | -     | 0    | 0    | 
|sha1_core   | PCIN+A:B+C  | 14     | 18     | 32     | -      | -1     | 0    | 0    | 0    | -    | -     | 0    | 0    | 
|sha1_core   | PCIN+A:B    | 14     | 18     | -      | -      | 32     | 0    | 0    | -    | -    | -     | 0    | 0    | 
|sha1_core   | C+A:B       | 14     | 18     | 32     | -      | 32     | 0    | 0    | 0    | -    | -     | 0    | 0    | 
|sha1_core   | PCIN+A:B+C  | 14     | 18     | 32     | -      | -1     | 0    | 0    | 0    | -    | -     | 0    | 0    | 
|sha1_core   | PCIN+A:B    | 14     | 18     | -      | -      | 32     | 0    | 0    | -    | -    | -     | 0    | 0    | 
|sha1_core   | C+A:B       | 14     | 18     | 32     | -      | 32     | 0    | 0    | 0    | -    | -     | 0    | 0    | 
|sha1_core   | PCIN+A:B+C  | 14     | 18     | 32     | -      | -1     | 0    | 0    | 0    | -    | -     | 0    | 0    | 
|sha1_core   | PCIN+A:B    | 14     | 18     | -      | -      | 32     | 0    | 0    | -    | -    | -     | 0    | 0    | 
|sha1_core   | C+A:B       | 14     | 18     | 32     | -      | 32     | 0    | 0    | 0    | -    | -     | 0    | 0    | 
|sha1_core   | PCIN+A:B+C  | 14     | 18     | 32     | -      | -1     | 0    | 0    | 0    | -    | -     | 0    | 0    | 
|sha1_core   | PCIN+A:B    | 14     | 18     | -      | -      | 32     | 0    | 0    | -    | -    | -     | 0    | 0    | 
|sha1_core   | C+A:B       | 14     | 18     | 32     | -      | 32     | 0    | 0    | 0    | -    | -     | 0    | 0    | 
|sha1_core   | PCIN+A:B+C  | 14     | 18     | 32     | -      | -1     | 0    | 0    | 0    | -    | -     | 0    | 0    | 
|sha1_core   | PCIN+A:B    | 14     | 18     | -      | -      | 32     | 0    | 0    | -    | -    | -     | 0    | 0    | 
|sha1_core   | C+A:B       | 14     | 18     | 32     | -      | 32     | 0    | 0    | 0    | -    | -     | 0    | 0    | 
|sha1_core   | PCIN+A:B+C  | 14     | 18     | 32     | -      | -1     | 0    | 0    | 0    | -    | -     | 0    | 0    | 
|sha1_core   | PCIN+A:B    | 14     | 18     | -      | -      | 32     | 0    | 0    | -    | -    | -     | 0    | 0    | 
|sha1_core   | C+A:B       | 14     | 18     | 32     | -      | 32     | 0    | 0    | 0    | -    | -     | 0    | 0    | 
|sha1_core   | PCIN+A:B+C  | 14     | 18     | 32     | -      | -1     | 0    | 0    | 0    | -    | -     | 0    | 0    | 
|sha1_core   | PCIN+A:B    | 14     | 18     | -      | -      | 32     | 0    | 0    | -    | -    | -     | 0    | 0    | 
|sha1_core   | C+A:B       | 14     | 18     | 32     | -      | 32     | 0    | 0    | 0    | -    | -     | 0    | 0    | 
|sha1_core   | PCIN+A:B+C  | 14     | 18     | 32     | -      | -1     | 0    | 0    | 0    | -    | -     | 0    | 0    | 
|sha1_core   | PCIN+A:B    | 14     | 18     | -      | -      | 32     | 0    | 0    | -    | -    | -     | 0    | 0    | 
|sha1_core   | C+A:B       | 14     | 18     | 32     | -      | 32     | 0    | 0    | 0    | -    | -     | 0    | 0    | 
|sha1_core   | PCIN+A:B+C  | 14     | 18     | 32     | -      | -1     | 0    | 0    | 0    | -    | -     | 0    | 0    | 
|sha1_core   | PCIN+A:B    | 14     | 18     | -      | -      | 32     | 0    | 0    | -    | -    | -     | 0    | 0    | 
|sha1_core   | C+A:B       | 14     | 18     | 32     | -      | 32     | 0    | 0    | 0    | -    | -     | 0    | 0    | 
|sha1_core   | PCIN+A:B+C  | 14     | 18     | 32     | -      | -1     | 0    | 0    | 0    | -    | -     | 0    | 0    | 
|sha1_core   | PCIN+A:B    | 14     | 18     | -      | -      | 32     | 0    | 0    | -    | -    | -     | 0    | 0    | 
|sha1_core   | C+A:B       | 14     | 18     | 32     | -      | 32     | 0    | 0    | 0    | -    | -     | 0    | 0    | 
|sha1_core   | PCIN+A:B+C  | 14     | 18     | 32     | -      | -1     | 0    | 0    | 0    | -    | -     | 0    | 0    | 
|sha1_core   | PCIN+A:B    | 14     | 18     | -      | -      | 32     | 0    | 0    | -    | -    | -     | 0    | 0    | 
|sha1_core   | C+A:B       | 14     | 18     | 32     | -      | 32     | 0    | 0    | 0    | -    | -     | 0    | 0    | 
|sha1_core   | PCIN+A:B+C  | 14     | 18     | 32     | -      | -1     | 0    | 0    | 0    | -    | -     | 0    | 0    | 
|sha1_core   | PCIN+A:B    | 14     | 18     | -      | -      | 32     | 0    | 0    | -    | -    | -     | 0    | 0    | 
|sha1_core   | C+A:B       | 14     | 18     | 32     | -      | 32     | 0    | 0    | 0    | -    | -     | 0    | 0    | 
|sha1_core   | PCIN+A:B+C  | 14     | 18     | 32     | -      | -1     | 0    | 0    | 0    | -    | -     | 0    | 0    | 
|sha1_core   | PCIN+A:B    | 14     | 18     | -      | -      | 32     | 0    | 0    | -    | -    | -     | 0    | 0    | 
|sha1_core   | C+A:B       | 14     | 18     | 32     | -      | 32     | 0    | 0    | 0    | -    | -     | 0    | 0    | 
|sha1_core   | PCIN+A:B+C  | 14     | 18     | 32     | -      | -1     | 0    | 0    | 0    | -    | -     | 0    | 0    | 
|sha1_core   | PCIN+A:B    | 14     | 18     | -      | -      | 32     | 0    | 0    | -    | -    | -     | 0    | 0    | 
|sha1_core   | C+A:B       | 14     | 18     | 32     | -      | 32     | 0    | 0    | 0    | -    | -     | 0    | 0    | 
|sha1_core   | PCIN+A:B+C  | 14     | 18     | 32     | -      | -1     | 0    | 0    | 0    | -    | -     | 0    | 0    | 
|sha1_core   | PCIN+A:B    | 14     | 18     | -      | -      | 32     | 0    | 0    | -    | -    | -     | 0    | 0    | 
|sha1_core   | C+A:B       | 14     | 18     | 32     | -      | 32     | 0    | 0    | 0    | -    | -     | 0    | 0    | 
|sha1_core   | PCIN+A:B+C  | 14     | 18     | 32     | -      | -1     | 0    | 0    | 0    | -    | -     | 0    | 0    | 
|sha1_core   | PCIN+A:B    | 14     | 18     | -      | -      | 32     | 0    | 0    | -    | -    | -     | 0    | 0    | 
|sha1_core   | C+A:B       | 14     | 18     | 32     | -      | 32     | 0    | 0    | 0    | -    | -     | 0    | 0    | 
|sha1_core   | PCIN+A:B+C  | 14     | 18     | 32     | -      | -1     | 0    | 0    | 0    | -    | -     | 0    | 0    | 
|sha1_core   | PCIN+A:B    | 14     | 18     | -      | -      | 32     | 0    | 0    | -    | -    | -     | 0    | 0    | 
|sha1_core   | C+A:B       | 14     | 18     | 32     | -      | 32     | 0    | 0    | 0    | -    | -     | 0    | 0    | 
|sha1_core   | PCIN+A:B+C  | 14     | 18     | 32     | -      | -1     | 0    | 0    | 0    | -    | -     | 0    | 0    | 
|sha1_core   | PCIN+A:B    | 14     | 18     | -      | -      | 32     | 0    | 0    | -    | -    | -     | 0    | 0    | 
+------------+-------------+--------+--------+--------+--------+--------+------+------+------+------+-------+------+------+

Note: The table above is a preliminary report that shows the DSPs inferred at the current stage of the synthesis flow. Some DSP may be reimplemented as non DSP primitives later in the synthesis flow. Multiple instantiated DSPs are reported only once.
---------------------------------------------------------------------------------
Finished ROM, RAM, DSP and Shift Register Reporting
---------------------------------------------------------------------------------
INFO: [Synth 8-5844] Detected registers with asynchronous reset at DSP/BRAM block boundary. Consider using synchronous reset for optimal packing [C:/Users/Emerson/Documents/fpga/project_ebaz_miner/project_ebaz_miner.srcs/sources_1/new/sha1_core.v:161]
INFO: [Synth 8-5844] Detected registers with asynchronous reset at DSP/BRAM block boundary. Consider using synchronous reset for optimal packing [C:/Users/Emerson/Documents/fpga/project_ebaz_miner/project_ebaz_miner.srcs/sources_1/new/sha1_core.v:161]
INFO: [Synth 8-5844] Detected registers with asynchronous reset at DSP/BRAM block boundary. Consider using synchronous reset for optimal packing [C:/Users/Emerson/Documents/fpga/project_ebaz_miner/project_ebaz_miner.srcs/sources_1/new/sha1_w_mem.v:38]
INFO: [Synth 8-5844] Detected registers with asynchronous reset at DSP/BRAM block boundary. Consider using synchronous reset for optimal packing [C:/Users/Emerson/Documents/fpga/project_ebaz_miner/project_ebaz_miner.srcs/sources_1/new/sha1_core.v:165]
INFO: [Synth 8-5844] Detected registers with asynchronous reset at DSP/BRAM block boundary. Consider using synchronous reset for optimal packing [C:/Users/Emerson/Documents/fpga/project_ebaz_miner/project_ebaz_miner.srcs/sources_1/new/sha1_core.v:165]
INFO: [Synth 8-5844] Detected registers with asynchronous reset at DSP/BRAM block boundary. Consider using synchronous reset for optimal packing [C:/Users/Emerson/Documents/fpga/project_ebaz_miner/project_ebaz_miner.srcs/sources_1/new/sha1_core.v:161]
INFO: [Synth 8-5844] Detected registers with asynchronous reset at DSP/BRAM block boundary. Consider using synchronous reset for optimal packing [C:/Users/Emerson/Documents/fpga/project_ebaz_miner/project_ebaz_miner.srcs/sources_1/new/sha1_core.v:161]
INFO: [Synth 8-5844] Detected registers with asynchronous reset at DSP/BRAM block boundary. Consider using synchronous reset for optimal packing [C:/Users/Emerson/Documents/fpga/project_ebaz_miner/project_ebaz_miner.srcs/sources_1/new/sha1_w_mem.v:38]
INFO: [Synth 8-5844] Detected registers with asynchronous reset at DSP/BRAM block boundary. Consider using synchronous reset for optimal packing [C:/Users/Emerson/Documents/fpga/project_ebaz_miner/project_ebaz_miner.srcs/sources_1/new/sha1_core.v:165]
INFO: [Synth 8-5844] Detected registers with asynchronous reset at DSP/BRAM block boundary. Consider using synchronous reset for optimal packing [C:/Users/Emerson/Documents/fpga/project_ebaz_miner/project_ebaz_miner.srcs/sources_1/new/sha1_core.v:165]
INFO: [Synth 8-5844] Detected registers with asynchronous reset at DSP/BRAM block boundary. Consider using synchronous reset for optimal packing [C:/Users/Emerson/Documents/fpga/project_ebaz_miner/project_ebaz_miner.srcs/sources_1/new/sha1_core.v:161]
INFO: [Synth 8-5844] Detected registers with asynchronous reset at DSP/BRAM block boundary. Consider using synchronous reset for optimal packing [C:/Users/Emerson/Documents/fpga/project_ebaz_miner/project_ebaz_miner.srcs/sources_1/new/sha1_core.v:161]
INFO: [Synth 8-5844] Detected registers with asynchronous reset at DSP/BRAM block boundary. Consider using synchronous reset for optimal packing [C:/Users/Emerson/Documents/fpga/project_ebaz_miner/project_ebaz_miner.srcs/sources_1/new/sha1_w_mem.v:38]
INFO: [Synth 8-5844] Detected registers with asynchronous reset at DSP/BRAM block boundary. Consider using synchronous reset for optimal packing [C:/Users/Emerson/Documents/fpga/project_ebaz_miner/project_ebaz_miner.srcs/sources_1/new/sha1_core.v:165]
INFO: [Synth 8-5844] Detected registers with asynchronous reset at DSP/BRAM block boundary. Consider using synchronous reset for optimal packing [C:/Users/Emerson/Documents/fpga/project_ebaz_miner/project_ebaz_miner.srcs/sources_1/new/sha1_core.v:165]
INFO: [Synth 8-5844] Detected registers with asynchronous reset at DSP/BRAM block boundary. Consider using synchronous reset for optimal packing [C:/Users/Emerson/Documents/fpga/project_ebaz_miner/project_ebaz_miner.srcs/sources_1/new/sha1_core.v:161]
INFO: [Synth 8-5844] Detected registers with asynchronous reset at DSP/BRAM block boundary. Consider using synchronous reset for optimal packing [C:/Users/Emerson/Documents/fpga/project_ebaz_miner/project_ebaz_miner.srcs/sources_1/new/sha1_core.v:161]
INFO: [Synth 8-5844] Detected registers with asynchronous reset at DSP/BRAM block boundary. Consider using synchronous reset for optimal packing [C:/Users/Emerson/Documents/fpga/project_ebaz_miner/project_ebaz_miner.srcs/sources_1/new/sha1_w_mem.v:38]
INFO: [Synth 8-5844] Detected registers with asynchronous reset at DSP/BRAM block boundary. Consider using synchronous reset for optimal packing [C:/Users/Emerson/Documents/fpga/project_ebaz_miner/project_ebaz_miner.srcs/sources_1/new/sha1_core.v:165]
INFO: [Synth 8-5844] Detected registers with asynchronous reset at DSP/BRAM block boundary. Consider using synchronous reset for optimal packing [C:/Users/Emerson/Documents/fpga/project_ebaz_miner/project_ebaz_miner.srcs/sources_1/new/sha1_core.v:165]
INFO: [Synth 8-5844] Detected registers with asynchronous reset at DSP/BRAM block boundary. Consider using synchronous reset for optimal packing [C:/Users/Emerson/Documents/fpga/project_ebaz_miner/project_ebaz_miner.srcs/sources_1/new/sha1_core.v:161]
INFO: [Synth 8-5844] Detected registers with asynchronous reset at DSP/BRAM block boundary. Consider using synchronous reset for optimal packing [C:/Users/Emerson/Documents/fpga/project_ebaz_miner/project_ebaz_miner.srcs/sources_1/new/sha1_core.v:161]
INFO: [Synth 8-5844] Detected registers with asynchronous reset at DSP/BRAM block boundary. Consider using synchronous reset for optimal packing [C:/Users/Emerson/Documents/fpga/project_ebaz_miner/project_ebaz_miner.srcs/sources_1/new/sha1_w_mem.v:38]
INFO: [Synth 8-5844] Detected registers with asynchronous reset at DSP/BRAM block boundary. Consider using synchronous reset for optimal packing [C:/Users/Emerson/Documents/fpga/project_ebaz_miner/project_ebaz_miner.srcs/sources_1/new/sha1_core.v:165]
INFO: [Synth 8-5844] Detected registers with asynchronous reset at DSP/BRAM block boundary. Consider using synchronous reset for optimal packing [C:/Users/Emerson/Documents/fpga/project_ebaz_miner/project_ebaz_miner.srcs/sources_1/new/sha1_core.v:165]
INFO: [Synth 8-5844] Detected registers with asynchronous reset at DSP/BRAM block boundary. Consider using synchronous reset for optimal packing [C:/Users/Emerson/Documents/fpga/project_ebaz_miner/project_ebaz_miner.srcs/sources_1/new/sha1_core.v:161]
INFO: [Synth 8-5844] Detected registers with asynchronous reset at DSP/BRAM block boundary. Consider using synchronous reset for optimal packing [C:/Users/Emerson/Documents/fpga/project_ebaz_miner/project_ebaz_miner.srcs/sources_1/new/sha1_core.v:161]
INFO: [Synth 8-5844] Detected registers with asynchronous reset at DSP/BRAM block boundary. Consider using synchronous reset for optimal packing [C:/Users/Emerson/Documents/fpga/project_ebaz_miner/project_ebaz_miner.srcs/sources_1/new/sha1_w_mem.v:38]
INFO: [Synth 8-5844] Detected registers with asynchronous reset at DSP/BRAM block boundary. Consider using synchronous reset for optimal packing [C:/Users/Emerson/Documents/fpga/project_ebaz_miner/project_ebaz_miner.srcs/sources_1/new/sha1_core.v:165]
INFO: [Synth 8-5844] Detected registers with asynchronous reset at DSP/BRAM block boundary. Consider using synchronous reset for optimal packing [C:/Users/Emerson/Documents/fpga/project_ebaz_miner/project_ebaz_miner.srcs/sources_1/new/sha1_core.v:165]
INFO: [Synth 8-5844] Detected registers with asynchronous reset at DSP/BRAM block boundary. Consider using synchronous reset for optimal packing [C:/Users/Emerson/Documents/fpga/project_ebaz_miner/project_ebaz_miner.srcs/sources_1/new/sha1_core.v:161]
INFO: [Synth 8-5844] Detected registers with asynchronous reset at DSP/BRAM block boundary. Consider using synchronous reset for optimal packing [C:/Users/Emerson/Documents/fpga/project_ebaz_miner/project_ebaz_miner.srcs/sources_1/new/sha1_core.v:161]
INFO: [Synth 8-5844] Detected registers with asynchronous reset at DSP/BRAM block boundary. Consider using synchronous reset for optimal packing [C:/Users/Emerson/Documents/fpga/project_ebaz_miner/project_ebaz_miner.srcs/sources_1/new/sha1_w_mem.v:38]
INFO: [Synth 8-5844] Detected registers with asynchronous reset at DSP/BRAM block boundary. Consider using synchronous reset for optimal packing [C:/Users/Emerson/Documents/fpga/project_ebaz_miner/project_ebaz_miner.srcs/sources_1/new/sha1_core.v:165]
INFO: [Synth 8-5844] Detected registers with asynchronous reset at DSP/BRAM block boundary. Consider using synchronous reset for optimal packing [C:/Users/Emerson/Documents/fpga/project_ebaz_miner/project_ebaz_miner.srcs/sources_1/new/sha1_core.v:165]
INFO: [Synth 8-5844] Detected registers with asynchronous reset at DSP/BRAM block boundary. Consider using synchronous reset for optimal packing [C:/Users/Emerson/Documents/fpga/project_ebaz_miner/project_ebaz_miner.srcs/sources_1/new/sha1_core.v:161]
INFO: [Synth 8-5844] Detected registers with asynchronous reset at DSP/BRAM block boundary. Consider using synchronous reset for optimal packing [C:/Users/Emerson/Documents/fpga/project_ebaz_miner/project_ebaz_miner.srcs/sources_1/new/sha1_core.v:161]
INFO: [Synth 8-5844] Detected registers with asynchronous reset at DSP/BRAM block boundary. Consider using synchronous reset for optimal packing [C:/Users/Emerson/Documents/fpga/project_ebaz_miner/project_ebaz_miner.srcs/sources_1/new/sha1_w_mem.v:38]
INFO: [Synth 8-5844] Detected registers with asynchronous reset at DSP/BRAM block boundary. Consider using synchronous reset for optimal packing [C:/Users/Emerson/Documents/fpga/project_ebaz_miner/project_ebaz_miner.srcs/sources_1/new/sha1_core.v:165]
INFO: [Synth 8-5844] Detected registers with asynchronous reset at DSP/BRAM block boundary. Consider using synchronous reset for optimal packing [C:/Users/Emerson/Documents/fpga/project_ebaz_miner/project_ebaz_miner.srcs/sources_1/new/sha1_core.v:165]
INFO: [Synth 8-5844] Detected registers with asynchronous reset at DSP/BRAM block boundary. Consider using synchronous reset for optimal packing [C:/Users/Emerson/Documents/fpga/project_ebaz_miner/project_ebaz_miner.srcs/sources_1/new/sha1_core.v:161]
INFO: [Synth 8-5844] Detected registers with asynchronous reset at DSP/BRAM block boundary. Consider using synchronous reset for optimal packing [C:/Users/Emerson/Documents/fpga/project_ebaz_miner/project_ebaz_miner.srcs/sources_1/new/sha1_core.v:161]
INFO: [Synth 8-5844] Detected registers with asynchronous reset at DSP/BRAM block boundary. Consider using synchronous reset for optimal packing [C:/Users/Emerson/Documents/fpga/project_ebaz_miner/project_ebaz_miner.srcs/sources_1/new/sha1_w_mem.v:38]
INFO: [Synth 8-5844] Detected registers with asynchronous reset at DSP/BRAM block boundary. Consider using synchronous reset for optimal packing [C:/Users/Emerson/Documents/fpga/project_ebaz_miner/project_ebaz_miner.srcs/sources_1/new/sha1_core.v:165]
INFO: [Synth 8-5844] Detected registers with asynchronous reset at DSP/BRAM block boundary. Consider using synchronous reset for optimal packing [C:/Users/Emerson/Documents/fpga/project_ebaz_miner/project_ebaz_miner.srcs/sources_1/new/sha1_core.v:165]
INFO: [Synth 8-5844] Detected registers with asynchronous reset at DSP/BRAM block boundary. Consider using synchronous reset for optimal packing [C:/Users/Emerson/Documents/fpga/project_ebaz_miner/project_ebaz_miner.srcs/sources_1/new/sha1_core.v:161]
INFO: [Synth 8-5844] Detected registers with asynchronous reset at DSP/BRAM block boundary. Consider using synchronous reset for optimal packing [C:/Users/Emerson/Documents/fpga/project_ebaz_miner/project_ebaz_miner.srcs/sources_1/new/sha1_core.v:161]
INFO: [Synth 8-5844] Detected registers with asynchronous reset at DSP/BRAM block boundary. Consider using synchronous reset for optimal packing [C:/Users/Emerson/Documents/fpga/project_ebaz_miner/project_ebaz_miner.srcs/sources_1/new/sha1_w_mem.v:38]
INFO: [Synth 8-5844] Detected registers with asynchronous reset at DSP/BRAM block boundary. Consider using synchronous reset for optimal packing [C:/Users/Emerson/Documents/fpga/project_ebaz_miner/project_ebaz_miner.srcs/sources_1/new/sha1_core.v:165]
INFO: [Synth 8-5844] Detected registers with asynchronous reset at DSP/BRAM block boundary. Consider using synchronous reset for optimal packing [C:/Users/Emerson/Documents/fpga/project_ebaz_miner/project_ebaz_miner.srcs/sources_1/new/sha1_core.v:165]
INFO: [Synth 8-5844] Detected registers with asynchronous reset at DSP/BRAM block boundary. Consider using synchronous reset for optimal packing [C:/Users/Emerson/Documents/fpga/project_ebaz_miner/project_ebaz_miner.srcs/sources_1/new/sha1_core.v:161]
INFO: [Synth 8-5844] Detected registers with asynchronous reset at DSP/BRAM block boundary. Consider using synchronous reset for optimal packing [C:/Users/Emerson/Documents/fpga/project_ebaz_miner/project_ebaz_miner.srcs/sources_1/new/sha1_core.v:161]
INFO: [Synth 8-5844] Detected registers with asynchronous reset at DSP/BRAM block boundary. Consider using synchronous reset for optimal packing [C:/Users/Emerson/Documents/fpga/project_ebaz_miner/project_ebaz_miner.srcs/sources_1/new/sha1_w_mem.v:38]
INFO: [Synth 8-5844] Detected registers with asynchronous reset at DSP/BRAM block boundary. Consider using synchronous reset for optimal packing [C:/Users/Emerson/Documents/fpga/project_ebaz_miner/project_ebaz_miner.srcs/sources_1/new/sha1_core.v:165]
INFO: [Synth 8-5844] Detected registers with asynchronous reset at DSP/BRAM block boundary. Consider using synchronous reset for optimal packing [C:/Users/Emerson/Documents/fpga/project_ebaz_miner/project_ebaz_miner.srcs/sources_1/new/sha1_core.v:165]
INFO: [Synth 8-5844] Detected registers with asynchronous reset at DSP/BRAM block boundary. Consider using synchronous reset for optimal packing [C:/Users/Emerson/Documents/fpga/project_ebaz_miner/project_ebaz_miner.srcs/sources_1/new/sha1_core.v:161]
INFO: [Synth 8-5844] Detected registers with asynchronous reset at DSP/BRAM block boundary. Consider using synchronous reset for optimal packing [C:/Users/Emerson/Documents/fpga/project_ebaz_miner/project_ebaz_miner.srcs/sources_1/new/sha1_core.v:161]
INFO: [Synth 8-5844] Detected registers with asynchronous reset at DSP/BRAM block boundary. Consider using synchronous reset for optimal packing [C:/Users/Emerson/Documents/fpga/project_ebaz_miner/project_ebaz_miner.srcs/sources_1/new/sha1_w_mem.v:38]
INFO: [Synth 8-5844] Detected registers with asynchronous reset at DSP/BRAM block boundary. Consider using synchronous reset for optimal packing [C:/Users/Emerson/Documents/fpga/project_ebaz_miner/project_ebaz_miner.srcs/sources_1/new/sha1_core.v:165]
INFO: [Synth 8-5844] Detected registers with asynchronous reset at DSP/BRAM block boundary. Consider using synchronous reset for optimal packing [C:/Users/Emerson/Documents/fpga/project_ebaz_miner/project_ebaz_miner.srcs/sources_1/new/sha1_core.v:165]
INFO: [Synth 8-5844] Detected registers with asynchronous reset at DSP/BRAM block boundary. Consider using synchronous reset for optimal packing [C:/Users/Emerson/Documents/fpga/project_ebaz_miner/project_ebaz_miner.srcs/sources_1/new/sha1_core.v:161]
INFO: [Synth 8-5844] Detected registers with asynchronous reset at DSP/BRAM block boundary. Consider using synchronous reset for optimal packing [C:/Users/Emerson/Documents/fpga/project_ebaz_miner/project_ebaz_miner.srcs/sources_1/new/sha1_core.v:161]
INFO: [Synth 8-5844] Detected registers with asynchronous reset at DSP/BRAM block boundary. Consider using synchronous reset for optimal packing [C:/Users/Emerson/Documents/fpga/project_ebaz_miner/project_ebaz_miner.srcs/sources_1/new/sha1_w_mem.v:38]
INFO: [Synth 8-5844] Detected registers with asynchronous reset at DSP/BRAM block boundary. Consider using synchronous reset for optimal packing [C:/Users/Emerson/Documents/fpga/project_ebaz_miner/project_ebaz_miner.srcs/sources_1/new/sha1_core.v:165]
INFO: [Synth 8-5844] Detected registers with asynchronous reset at DSP/BRAM block boundary. Consider using synchronous reset for optimal packing [C:/Users/Emerson/Documents/fpga/project_ebaz_miner/project_ebaz_miner.srcs/sources_1/new/sha1_core.v:165]
INFO: [Synth 8-5844] Detected registers with asynchronous reset at DSP/BRAM block boundary. Consider using synchronous reset for optimal packing [C:/Users/Emerson/Documents/fpga/project_ebaz_miner/project_ebaz_miner.srcs/sources_1/new/sha1_core.v:161]
INFO: [Synth 8-5844] Detected registers with asynchronous reset at DSP/BRAM block boundary. Consider using synchronous reset for optimal packing [C:/Users/Emerson/Documents/fpga/project_ebaz_miner/project_ebaz_miner.srcs/sources_1/new/sha1_core.v:161]
INFO: [Synth 8-5844] Detected registers with asynchronous reset at DSP/BRAM block boundary. Consider using synchronous reset for optimal packing [C:/Users/Emerson/Documents/fpga/project_ebaz_miner/project_ebaz_miner.srcs/sources_1/new/sha1_w_mem.v:38]
INFO: [Synth 8-5844] Detected registers with asynchronous reset at DSP/BRAM block boundary. Consider using synchronous reset for optimal packing [C:/Users/Emerson/Documents/fpga/project_ebaz_miner/project_ebaz_miner.srcs/sources_1/new/sha1_core.v:165]
INFO: [Synth 8-5844] Detected registers with asynchronous reset at DSP/BRAM block boundary. Consider using synchronous reset for optimal packing [C:/Users/Emerson/Documents/fpga/project_ebaz_miner/project_ebaz_miner.srcs/sources_1/new/sha1_core.v:165]
INFO: [Synth 8-5844] Detected registers with asynchronous reset at DSP/BRAM block boundary. Consider using synchronous reset for optimal packing [C:/Users/Emerson/Documents/fpga/project_ebaz_miner/project_ebaz_miner.srcs/sources_1/new/sha1_core.v:161]
INFO: [Synth 8-5844] Detected registers with asynchronous reset at DSP/BRAM block boundary. Consider using synchronous reset for optimal packing [C:/Users/Emerson/Documents/fpga/project_ebaz_miner/project_ebaz_miner.srcs/sources_1/new/sha1_core.v:161]
INFO: [Synth 8-5844] Detected registers with asynchronous reset at DSP/BRAM block boundary. Consider using synchronous reset for optimal packing [C:/Users/Emerson/Documents/fpga/project_ebaz_miner/project_ebaz_miner.srcs/sources_1/new/sha1_w_mem.v:38]
INFO: [Synth 8-5844] Detected registers with asynchronous reset at DSP/BRAM block boundary. Consider using synchronous reset for optimal packing [C:/Users/Emerson/Documents/fpga/project_ebaz_miner/project_ebaz_miner.srcs/sources_1/new/sha1_core.v:165]
INFO: [Synth 8-5844] Detected registers with asynchronous reset at DSP/BRAM block boundary. Consider using synchronous reset for optimal packing [C:/Users/Emerson/Documents/fpga/project_ebaz_miner/project_ebaz_miner.srcs/sources_1/new/sha1_core.v:165]
INFO: [Synth 8-5844] Detected registers with asynchronous reset at DSP/BRAM block boundary. Consider using synchronous reset for optimal packing [C:/Users/Emerson/Documents/fpga/project_ebaz_miner/project_ebaz_miner.srcs/sources_1/new/sha1_core.v:161]
INFO: [Synth 8-5844] Detected registers with asynchronous reset at DSP/BRAM block boundary. Consider using synchronous reset for optimal packing [C:/Users/Emerson/Documents/fpga/project_ebaz_miner/project_ebaz_miner.srcs/sources_1/new/sha1_core.v:161]
INFO: [Synth 8-5844] Detected registers with asynchronous reset at DSP/BRAM block boundary. Consider using synchronous reset for optimal packing [C:/Users/Emerson/Documents/fpga/project_ebaz_miner/project_ebaz_miner.srcs/sources_1/new/sha1_w_mem.v:38]
INFO: [Synth 8-5844] Detected registers with asynchronous reset at DSP/BRAM block boundary. Consider using synchronous reset for optimal packing [C:/Users/Emerson/Documents/fpga/project_ebaz_miner/project_ebaz_miner.srcs/sources_1/new/sha1_core.v:165]
INFO: [Synth 8-5844] Detected registers with asynchronous reset at DSP/BRAM block boundary. Consider using synchronous reset for optimal packing [C:/Users/Emerson/Documents/fpga/project_ebaz_miner/project_ebaz_miner.srcs/sources_1/new/sha1_core.v:165]
INFO: [Synth 8-5844] Detected registers with asynchronous reset at DSP/BRAM block boundary. Consider using synchronous reset for optimal packing [C:/Users/Emerson/Documents/fpga/project_ebaz_miner/project_ebaz_miner.srcs/sources_1/new/sha1_core.v:161]
INFO: [Synth 8-5844] Detected registers with asynchronous reset at DSP/BRAM block boundary. Consider using synchronous reset for optimal packing [C:/Users/Emerson/Documents/fpga/project_ebaz_miner/project_ebaz_miner.srcs/sources_1/new/sha1_core.v:161]
INFO: [Synth 8-5844] Detected registers with asynchronous reset at DSP/BRAM block boundary. Consider using synchronous reset for optimal packing [C:/Users/Emerson/Documents/fpga/project_ebaz_miner/project_ebaz_miner.srcs/sources_1/new/sha1_w_mem.v:38]
INFO: [Synth 8-5844] Detected registers with asynchronous reset at DSP/BRAM block boundary. Consider using synchronous reset for optimal packing [C:/Users/Emerson/Documents/fpga/project_ebaz_miner/project_ebaz_miner.srcs/sources_1/new/sha1_core.v:165]
INFO: [Synth 8-5844] Detected registers with asynchronous reset at DSP/BRAM block boundary. Consider using synchronous reset for optimal packing [C:/Users/Emerson/Documents/fpga/project_ebaz_miner/project_ebaz_miner.srcs/sources_1/new/sha1_core.v:165]
INFO: [Synth 8-5844] Detected registers with asynchronous reset at DSP/BRAM block boundary. Consider using synchronous reset for optimal packing [C:/Users/Emerson/Documents/fpga/project_ebaz_miner/project_ebaz_miner.srcs/sources_1/new/sha1_core.v:161]
INFO: [Synth 8-5844] Detected registers with asynchronous reset at DSP/BRAM block boundary. Consider using synchronous reset for optimal packing [C:/Users/Emerson/Documents/fpga/project_ebaz_miner/project_ebaz_miner.srcs/sources_1/new/sha1_core.v:161]
INFO: [Synth 8-5844] Detected registers with asynchronous reset at DSP/BRAM block boundary. Consider using synchronous reset for optimal packing [C:/Users/Emerson/Documents/fpga/project_ebaz_miner/project_ebaz_miner.srcs/sources_1/new/sha1_w_mem.v:38]
INFO: [Synth 8-5844] Detected registers with asynchronous reset at DSP/BRAM block boundary. Consider using synchronous reset for optimal packing [C:/Users/Emerson/Documents/fpga/project_ebaz_miner/project_ebaz_miner.srcs/sources_1/new/sha1_core.v:165]
INFO: [Synth 8-5844] Detected registers with asynchronous reset at DSP/BRAM block boundary. Consider using synchronous reset for optimal packing [C:/Users/Emerson/Documents/fpga/project_ebaz_miner/project_ebaz_miner.srcs/sources_1/new/sha1_core.v:165]

Report RTL Partitions: 
+------+--------------+------------+----------+
|      |RTL Partition |Replication |Instances |
+------+--------------+------------+----------+
|1     |top__GB0      |           1|     20937|
|2     |top__GB1      |           1|     13569|
|3     |top__GB2      |           1|     10735|
|4     |top__GB3      |           1|      4591|
|5     |top__GB4      |           1|     17430|
|6     |top__GB5      |           1|     11160|
|7     |top__GB6      |           1|      2662|
|8     |top__GB7      |           1|       907|
+------+--------------+------------+----------+
---------------------------------------------------------------------------------
Start Applying XDC Timing Constraints
---------------------------------------------------------------------------------
---------------------------------------------------------------------------------
Finished Applying XDC Timing Constraints : Time (s): cpu = 00:01:56 ; elapsed = 00:02:28 . Memory (MB): peak = 952.902 ; gain = 644.914
---------------------------------------------------------------------------------
---------------------------------------------------------------------------------
Start Timing Optimization
---------------------------------------------------------------------------------
---------------------------------------------------------------------------------
Finished Timing Optimization : Time (s): cpu = 00:02:05 ; elapsed = 00:02:37 . Memory (MB): peak = 965.594 ; gain = 657.605
---------------------------------------------------------------------------------

Report RTL Partitions: 
+------+--------------+------------+----------+
|      |RTL Partition |Replication |Instances |
+------+--------------+------------+----------+
|1     |top__GB0      |           1|     20804|
|2     |top__GB1      |           1|     13303|
|3     |top__GB2      |           1|     10469|
|4     |top__GB3      |           1|      4591|
|5     |top__GB4      |           1|     16765|
|6     |top__GB5      |           1|     11160|
|7     |top__GB6      |           1|      2662|
|8     |top__GB7      |           1|       905|
+------+--------------+------------+----------+
---------------------------------------------------------------------------------
Start Technology Mapping
---------------------------------------------------------------------------------
INFO: [Synth 8-5844] Detected registers with asynchronous reset at DSP/BRAM block boundary. Consider using synchronous reset for optimal packing [C:/Users/Emerson/Documents/fpga/project_ebaz_miner/project_ebaz_miner.srcs/sources_1/new/sha1_core.v:161]
INFO: [Synth 8-5844] Detected registers with asynchronous reset at DSP/BRAM block boundary. Consider using synchronous reset for optimal packing [C:/Users/Emerson/Documents/fpga/project_ebaz_miner/project_ebaz_miner.srcs/sources_1/new/sha1_core.v:161]
INFO: [Synth 8-5844] Detected registers with asynchronous reset at DSP/BRAM block boundary. Consider using synchronous reset for optimal packing [C:/Users/Emerson/Documents/fpga/project_ebaz_miner/project_ebaz_miner.srcs/sources_1/new/sha1_w_mem.v:38]
INFO: [Synth 8-5844] Detected registers with asynchronous reset at DSP/BRAM block boundary. Consider using synchronous reset for optimal packing [C:/Users/Emerson/Documents/fpga/project_ebaz_miner/project_ebaz_miner.srcs/sources_1/new/sha1_core.v:165]
INFO: [Synth 8-5844] Detected registers with asynchronous reset at DSP/BRAM block boundary. Consider using synchronous reset for optimal packing [C:/Users/Emerson/Documents/fpga/project_ebaz_miner/project_ebaz_miner.srcs/sources_1/new/sha1_core.v:165]
INFO: [Synth 8-5844] Detected registers with asynchronous reset at DSP/BRAM block boundary. Consider using synchronous reset for optimal packing [C:/Users/Emerson/Documents/fpga/project_ebaz_miner/project_ebaz_miner.srcs/sources_1/new/sha1_core.v:161]
INFO: [Synth 8-5844] Detected registers with asynchronous reset at DSP/BRAM block boundary. Consider using synchronous reset for optimal packing [C:/Users/Emerson/Documents/fpga/project_ebaz_miner/project_ebaz_miner.srcs/sources_1/new/sha1_core.v:161]
INFO: [Synth 8-5844] Detected registers with asynchronous reset at DSP/BRAM block boundary. Consider using synchronous reset for optimal packing [C:/Users/Emerson/Documents/fpga/project_ebaz_miner/project_ebaz_miner.srcs/sources_1/new/sha1_w_mem.v:38]
INFO: [Synth 8-5844] Detected registers with asynchronous reset at DSP/BRAM block boundary. Consider using synchronous reset for optimal packing [C:/Users/Emerson/Documents/fpga/project_ebaz_miner/project_ebaz_miner.srcs/sources_1/new/sha1_core.v:165]
INFO: [Synth 8-5844] Detected registers with asynchronous reset at DSP/BRAM block boundary. Consider using synchronous reset for optimal packing [C:/Users/Emerson/Documents/fpga/project_ebaz_miner/project_ebaz_miner.srcs/sources_1/new/sha1_core.v:165]
INFO: [Common 17-14] Message 'Synth 8-5844' appears 100 times and further instances of the messages will be disabled. Use the Tcl command set_msg_config to change the current settings.
---------------------------------------------------------------------------------
Finished Technology Mapping : Time (s): cpu = 00:02:16 ; elapsed = 00:03:08 . Memory (MB): peak = 1020.070 ; gain = 712.082
---------------------------------------------------------------------------------

Report RTL Partitions: 
+------+--------------+------------+----------+
|      |RTL Partition |Replication |Instances |
+------+--------------+------------+----------+
|1     |top__GB0      |           1|     12270|
|2     |top__GB1      |           1|      7900|
|3     |top__GB2      |           1|      6526|
|4     |top__GB3      |           1|      1885|
|5     |top__GB4      |           1|     10476|
|6     |top__GB5      |           1|      6661|
|7     |top__GB6      |           1|      1093|
|8     |top__GB7      |           1|       704|
+------+--------------+------------+----------+
---------------------------------------------------------------------------------
Start IO Insertion
---------------------------------------------------------------------------------
---------------------------------------------------------------------------------
Start Flattening Before IO Insertion
---------------------------------------------------------------------------------
---------------------------------------------------------------------------------
Finished Flattening Before IO Insertion
---------------------------------------------------------------------------------
---------------------------------------------------------------------------------
Start Final Netlist Cleanup
---------------------------------------------------------------------------------
---------------------------------------------------------------------------------
Finished Final Netlist Cleanup
---------------------------------------------------------------------------------
---------------------------------------------------------------------------------
Finished IO Insertion : Time (s): cpu = 00:02:27 ; elapsed = 00:03:19 . Memory (MB): peak = 1031.703 ; gain = 723.715
---------------------------------------------------------------------------------

Report Check Netlist: 
+------+------------------+-------+---------+-------+------------------+
|      |Item              |Errors |Warnings |Status |Description       |
+------+------------------+-------+---------+-------+------------------+
|1     |multi_driven_nets |      0|        0|Passed |Multi driven nets |
+------+------------------+-------+---------+-------+------------------+
---------------------------------------------------------------------------------
Start Renaming Generated Instances
---------------------------------------------------------------------------------
---------------------------------------------------------------------------------
Finished Renaming Generated Instances : Time (s): cpu = 00:02:27 ; elapsed = 00:03:20 . Memory (MB): peak = 1031.703 ; gain = 723.715
---------------------------------------------------------------------------------

Report RTL Partitions: 
+-+--------------+------------+----------+
| |RTL Partition |Replication |Instances |
+-+--------------+------------+----------+
+-+--------------+------------+----------+
---------------------------------------------------------------------------------
Start Rebuilding User Hierarchy
---------------------------------------------------------------------------------
---------------------------------------------------------------------------------
Finished Rebuilding User Hierarchy : Time (s): cpu = 00:02:30 ; elapsed = 00:03:23 . Memory (MB): peak = 1031.703 ; gain = 723.715
---------------------------------------------------------------------------------
---------------------------------------------------------------------------------
Start Renaming Generated Ports
---------------------------------------------------------------------------------
---------------------------------------------------------------------------------
Finished Renaming Generated Ports : Time (s): cpu = 00:02:30 ; elapsed = 00:03:23 . Memory (MB): peak = 1031.703 ; gain = 723.715
---------------------------------------------------------------------------------
---------------------------------------------------------------------------------
Start Handling Custom Attributes
---------------------------------------------------------------------------------
---------------------------------------------------------------------------------
Finished Handling Custom Attributes : Time (s): cpu = 00:02:33 ; elapsed = 00:03:26 . Memory (MB): peak = 1031.703 ; gain = 723.715
---------------------------------------------------------------------------------
---------------------------------------------------------------------------------
Start Renaming Generated Nets
---------------------------------------------------------------------------------
---------------------------------------------------------------------------------
Finished Renaming Generated Nets : Time (s): cpu = 00:02:33 ; elapsed = 00:03:26 . Memory (MB): peak = 1031.703 ; gain = 723.715
---------------------------------------------------------------------------------
---------------------------------------------------------------------------------
Start Writing Synthesis Report
---------------------------------------------------------------------------------

Report BlackBoxes: 
+-+--------------+----------+
| |BlackBox name |Instances |
+-+--------------+----------+
+-+--------------+----------+

Report Cell Usage: 
+------+----------+------+
|      |Cell      |Count |
+------+----------+------+
|1     |CARRY4    |  1123|
|2     |DSP48E1   |    36|
|3     |DSP48E1_1 |    18|
|4     |LUT1      |    48|
|5     |LUT2      |  3450|
|6     |LUT3      | 11646|
|7     |LUT4      |  2230|
|8     |LUT5      |  4082|
|9     |LUT6      |  3020|
|10    |MUXF7     |   421|
|11    |MUXF8     |    30|
|12    |FDCE      | 15254|
|13    |FDPE      |     3|
|14    |FDRE      |  4952|
+------+----------+------+

Report Instance Areas: 
+------+------------------------------+--------------+------+
|      |Instance                      |Module        |Cells |
+------+------------------------------+--------------+------+
|1     |top                           |              | 46313|
|2     |  inst                        |top           | 46313|
|3     |    \sha1_loop[0].sha1_inst   |sha1_core     |  1975|
|4     |      w_mem_inst              |sha1_w_mem_33 |  1031|
|5     |    \sha1_loop[10].sha1_inst  |sha1_core_0   |  1978|
|6     |      w_mem_inst              |sha1_w_mem_32 |  1031|
|7     |    \sha1_loop[11].sha1_inst  |sha1_core_1   |  1975|
|8     |      w_mem_inst              |sha1_w_mem_31 |  1031|
|9     |    \sha1_loop[12].sha1_inst  |sha1_core_2   |  1975|
|10    |      w_mem_inst              |sha1_w_mem_30 |  1031|
|11    |    \sha1_loop[13].sha1_inst  |sha1_core_3   |  1978|
|12    |      w_mem_inst              |sha1_w_mem_29 |  1031|
|13    |    \sha1_loop[14].sha1_inst  |sha1_core_4   |  1980|
|14    |      w_mem_inst              |sha1_w_mem_28 |  1031|
|15    |    \sha1_loop[15].sha1_inst  |sha1_core_5   |  1978|
|16    |      w_mem_inst              |sha1_w_mem_27 |  1031|
|17    |    \sha1_loop[16].sha1_inst  |sha1_core_6   |  1975|
|18    |      w_mem_inst              |sha1_w_mem_26 |  1031|
|19    |    \sha1_loop[17].sha1_inst  |sha1_core_7   |  1978|
|20    |      w_mem_inst              |sha1_w_mem_25 |  1031|
|21    |    \sha1_loop[1].sha1_inst   |sha1_core_8   |  1975|
|22    |      w_mem_inst              |sha1_w_mem_24 |  1031|
|23    |    \sha1_loop[2].sha1_inst   |sha1_core_9   |  1978|
|24    |      w_mem_inst              |sha1_w_mem_23 |  1031|
|25    |    \sha1_loop[3].sha1_inst   |sha1_core_10  |  1979|
|26    |      w_mem_inst              |sha1_w_mem_22 |  1032|
|27    |    \sha1_loop[4].sha1_inst   |sha1_core_11  |  1977|
|28    |      w_mem_inst              |sha1_w_mem_21 |  1031|
|29    |    \sha1_loop[5].sha1_inst   |sha1_core_12  |  1978|
|30    |      w_mem_inst              |sha1_w_mem_20 |  1031|
|31    |    \sha1_loop[6].sha1_inst   |sha1_core_13  |  1977|
|32    |      w_mem_inst              |sha1_w_mem_19 |  1031|
|33    |    \sha1_loop[7].sha1_inst   |sha1_core_14  |  1975|
|34    |      w_mem_inst              |sha1_w_mem_18 |  1031|
|35    |    \sha1_loop[8].sha1_inst   |sha1_core_15  |  1982|
|36    |      w_mem_inst              |sha1_w_mem_17 |  1031|
|37    |    \sha1_loop[9].sha1_inst   |sha1_core_16  |  1982|
|38    |      w_mem_inst              |sha1_w_mem    |  1031|
|39    |    uart_rx_inst              |uart_rx       |    99|
|40    |    uart_tx_inst              |uart_tx       |    79|
+------+------------------------------+--------------+------+
---------------------------------------------------------------------------------
Finished Writing Synthesis Report : Time (s): cpu = 00:02:33 ; elapsed = 00:03:26 . Memory (MB): peak = 1031.703 ; gain = 723.715
---------------------------------------------------------------------------------
Synthesis finished with 0 errors, 0 critical warnings and 0 warnings.
Synthesis Optimization Runtime : Time (s): cpu = 00:02:09 ; elapsed = 00:03:08 . Memory (MB): peak = 1031.703 ; gain = 314.203
Synthesis Optimization Complete : Time (s): cpu = 00:02:33 ; elapsed = 00:03:28 . Memory (MB): peak = 1031.703 ; gain = 723.715
INFO: [Project 1-571] Translating synthesized netlist
INFO: [Netlist 29-17] Analyzing 1628 Unisim elements for replacement
INFO: [Netlist 29-28] Unisim Transformation completed in 1 CPU seconds
INFO: [Project 1-570] Preparing netlist for logic optimization
INFO: [Opt 31-138] Pushed 0 inverter(s) to 0 load pin(s).
INFO: [Project 1-111] Unisim Transformation Summary:
No Unisim elements were transformed.

INFO: [Common 17-83] Releasing license: Synthesis
483 Infos, 116 Warnings, 0 Critical Warnings and 0 Errors encountered.
synth_design completed successfully
synth_design: Time (s): cpu = 00:02:47 ; elapsed = 00:03:41 . Memory (MB): peak = 1031.703 ; gain = 736.887
WARNING: [Constraints 18-5210] No constraint will be written out.
INFO: [Common 17-1381] The checkpoint 'C:/Users/Emerson/Documents/fpga/project_ebaz_miner/project_ebaz_miner.runs/design_1_top_0_0_synth_1/design_1_top_0_0.dcp' has been generated.
INFO: [Coretcl 2-1174] Renamed 39 cell refs.
WARNING: [Constraints 18-5210] No constraint will be written out.
INFO: [Common 17-1381] The checkpoint 'C:/Users/Emerson/Documents/fpga/project_ebaz_miner/project_ebaz_miner.runs/design_1_top_0_0_synth_1/design_1_top_0_0.dcp' has been generated.
INFO: [runtcl-4] Executing : report_utilization -file design_1_top_0_0_utilization_synth.rpt -pb design_1_top_0_0_utilization_synth.pb
report_utilization: Time (s): cpu = 00:00:00 ; elapsed = 00:00:00.244 . Memory (MB): peak = 1031.703 ; gain = 0.000
INFO: [Common 17-206] Exiting Vivado at Thu Jul  2 15:31:03 2026...
