Copyright 1986-2018 Xilinx, Inc. All Rights Reserved.
-----------------------------------------------------------------------------------------------------------------------------------------------------------------------------------------------------------------------
| Tool Version : Vivado v.2018.2 (win64) Build 2258646 Thu Jun 14 20:03:12 MDT 2018
| Date         : Thu Jul  2 15:36:46 2026
| Host         : DESKTOP-HM5HD61 running 64-bit major release  (build 9200)
| Command      : report_timing_summary -max_paths 10 -file design_1_wrapper_timing_summary_routed.rpt -pb design_1_wrapper_timing_summary_routed.pb -rpx design_1_wrapper_timing_summary_routed.rpx -warn_on_violation
| Design       : design_1_wrapper
| Device       : 7z010-clg400
| Speed File   : -1  PRODUCTION 1.11 2014-09-11
-----------------------------------------------------------------------------------------------------------------------------------------------------------------------------------------------------------------------

Timing Summary Report

------------------------------------------------------------------------------------------------
| Timer Settings
| --------------
------------------------------------------------------------------------------------------------

  Enable Multi Corner Analysis               :  Yes
  Enable Pessimism Removal                   :  Yes
  Pessimism Removal Resolution               :  Nearest Common Node
  Enable Input Delay Default Clock           :  No
  Enable Preset / Clear Arcs                 :  No
  Disable Flight Delays                      :  No
  Ignore I/O Paths                           :  No
  Timing Early Launch at Borrowing Latches   :  false

  Corner  Analyze    Analyze    
  Name    Max Paths  Min Paths  
  ------  ---------  ---------  
  Slow    Yes        Yes        
  Fast    Yes        Yes        



check_timing report

Table of Contents
-----------------
1. checking no_clock
2. checking constant_clock
3. checking pulse_width_clock
4. checking unconstrained_internal_endpoints
5. checking no_input_delay
6. checking no_output_delay
7. checking multiple_clock
8. checking generated_clocks
9. checking loops
10. checking partial_input_delay
11. checking partial_output_delay
12. checking latch_loops

1. checking no_clock
--------------------
 There are 0 register/latch pins with no clock.


2. checking constant_clock
--------------------------
 There are 0 register/latch pins with constant_clock.


3. checking pulse_width_clock
-----------------------------
 There are 0 register/latch pins which need pulse_width check


4. checking unconstrained_internal_endpoints
--------------------------------------------
 There are 0 pins that are not constrained for maximum delay.

 There are 0 pins that are not constrained for maximum delay due to constant clock.


5. checking no_input_delay
--------------------------
 There is 1 input port with no input delay specified. (HIGH)

 There are 0 input ports with no input delay but user has a false path constraint.


6. checking no_output_delay
---------------------------
 There are 3 ports with no output delay specified. (HIGH)

 There are 0 ports with no output delay but user has a false path constraint

 There are 0 ports with no output delay but with a timing clock defined on it or propagating through it


7. checking multiple_clock
--------------------------
 There are 0 register/latch pins with multiple clocks.


8. checking generated_clocks
----------------------------
 There are 0 generated clocks that are not connected to a clock source.


9. checking loops
-----------------
 There are 0 combinational loops in the design.


10. checking partial_input_delay
--------------------------------
 There are 0 input ports with partial input delay specified.


11. checking partial_output_delay
---------------------------------
 There are 0 ports with partial output delay specified.


12. checking latch_loops
------------------------
 There are 0 combinational latch loops in the design through latch input



------------------------------------------------------------------------------------------------
| Design Timing Summary
| ---------------------
------------------------------------------------------------------------------------------------

    WNS(ns)      TNS(ns)  TNS Failing Endpoints  TNS Total Endpoints      WHS(ns)      THS(ns)  THS Failing Endpoints  THS Total Endpoints     WPWS(ns)     TPWS(ns)  TPWS Failing Endpoints  TPWS Total Endpoints  
    -------      -------  ---------------------  -------------------      -------      -------  ---------------------  -------------------     --------     --------  ----------------------  --------------------  
      2.606        0.000                      0                39126        0.028        0.000                      0                39126        9.500        0.000                       0                 20210  


All user specified timing constraints are met.


------------------------------------------------------------------------------------------------
| Clock Summary
| -------------
------------------------------------------------------------------------------------------------

Clock       Waveform(ns)       Period(ns)      Frequency(MHz)
-----       ------------       ----------      --------------
clk_fpga_0  {0.000 10.000}     20.000          50.000          


------------------------------------------------------------------------------------------------
| Intra Clock Table
| -----------------
------------------------------------------------------------------------------------------------

Clock             WNS(ns)      TNS(ns)  TNS Failing Endpoints  TNS Total Endpoints      WHS(ns)      THS(ns)  THS Failing Endpoints  THS Total Endpoints     WPWS(ns)     TPWS(ns)  TPWS Failing Endpoints  TPWS Total Endpoints  
-----             -------      -------  ---------------------  -------------------      -------      -------  ---------------------  -------------------     --------     --------  ----------------------  --------------------  
clk_fpga_0          2.606        0.000                      0                39126        0.028        0.000                      0                39126        9.500        0.000                       0                 20210  


------------------------------------------------------------------------------------------------
| Inter Clock Table
| -----------------
------------------------------------------------------------------------------------------------

From Clock    To Clock          WNS(ns)      TNS(ns)  TNS Failing Endpoints  TNS Total Endpoints      WHS(ns)      THS(ns)  THS Failing Endpoints  THS Total Endpoints  
----------    --------          -------      -------  ---------------------  -------------------      -------      -------  ---------------------  -------------------  


------------------------------------------------------------------------------------------------
| Other Path Groups Table
| -----------------------
------------------------------------------------------------------------------------------------

Path Group    From Clock    To Clock          WNS(ns)      TNS(ns)  TNS Failing Endpoints  TNS Total Endpoints      WHS(ns)      THS(ns)  THS Failing Endpoints  THS Total Endpoints  
----------    ----------    --------          -------      -------  ---------------------  -------------------      -------      -------  ---------------------  -------------------  


------------------------------------------------------------------------------------------------
| Timing Details
| --------------
------------------------------------------------------------------------------------------------


---------------------------------------------------------------------------------------------------
From Clock:  clk_fpga_0
  To Clock:  clk_fpga_0

Setup :            0  Failing Endpoints,  Worst Slack        2.606ns,  Total Violation        0.000ns
Hold  :            0  Failing Endpoints,  Worst Slack        0.028ns,  Total Violation        0.000ns
PW    :            0  Failing Endpoints,  Worst Slack        9.500ns,  Total Violation        0.000ns
---------------------------------------------------------------------------------------------------


Max Delay Paths
--------------------------------------------------------------------------------------
Slack (MET) :             2.606ns  (required time - arrival time)
  Source:                 design_1_i/top_0/inst/nonce_bcd_0_reg[1]/C
                            (rising edge-triggered cell FDRE clocked by clk_fpga_0  {rise@0.000ns fall@10.000ns period=20.000ns})
  Destination:            design_1_i/top_0/inst/msg_block_gen[5].MESSAGE_BLOCK_reg[5][3]/D
                            (rising edge-triggered cell FDRE clocked by clk_fpga_0  {rise@0.000ns fall@10.000ns period=20.000ns})
  Path Group:             clk_fpga_0
  Path Type:              Setup (Max at Slow Process Corner)
  Requirement:            20.000ns  (clk_fpga_0 rise@20.000ns - clk_fpga_0 rise@0.000ns)
  Data Path Delay:        16.926ns  (logic 3.123ns (18.451%)  route 13.803ns (81.549%))
  Logic Levels:           12  (LUT3=1 LUT4=2 LUT5=9)
  Clock Path Skew:        -0.240ns (DCD - SCD + CPR)
    Destination Clock Delay (DCD):    2.676ns = ( 22.676 - 20.000 ) 
    Source Clock Delay      (SCD):    3.046ns
    Clock Pessimism Removal (CPR):    0.130ns
  Clock Uncertainty:      0.302ns  ((TSJ^2 + TIJ^2)^1/2 + DJ) / 2 + PE
    Total System Jitter     (TSJ):    0.071ns
    Total Input Jitter      (TIJ):    0.600ns
    Discrete Jitter          (DJ):    0.000ns
    Phase Error              (PE):    0.000ns

    Location             Delay type                Incr(ns)  Path(ns)    Netlist Resource(s)
  -------------------------------------------------------------------    -------------------
                         (clock clk_fpga_0 rise edge)
                                                      0.000     0.000 r  
    PS7_X0Y0             PS7                          0.000     0.000 r  design_1_i/processing_system7_0/inst/PS7_i/FCLKCLK[0]
                         net (fo=1, routed)           1.207     1.207    design_1_i/processing_system7_0/inst/FCLK_CLK_unbuffered[0]
    BUFGCTRL_X0Y0        BUFG (Prop_bufg_I_O)         0.101     1.308 r  design_1_i/processing_system7_0/inst/buffer_fclk_clk_0.FCLK_CLK_0_BUFG/O
                         net (fo=20210, routed)       1.738     3.046    design_1_i/top_0/inst/clk
    SLICE_X42Y64         FDRE                                         r  design_1_i/top_0/inst/nonce_bcd_0_reg[1]/C
  -------------------------------------------------------------------    -------------------
    SLICE_X42Y64         FDRE (Prop_fdre_C_Q)         0.518     3.564 r  design_1_i/top_0/inst/nonce_bcd_0_reg[1]/Q
                         net (fo=105, routed)         3.999     7.563    design_1_i/top_0/inst/nonce_bcd_0_reg_n_0_[1]
    SLICE_X25Y7          LUT4 (Prop_lut4_I1_O)        0.152     7.715 r  design_1_i/top_0/inst/msg_block_gen[15].MESSAGE_BLOCK[15][131]_i_5/O
                         net (fo=12, routed)          2.881    10.596    design_1_i/top_0/inst/msg_block_gen[15].MESSAGE_BLOCK[15][131]_i_5_n_0
    SLICE_X25Y67         LUT5 (Prop_lut5_I2_O)        0.352    10.948 r  design_1_i/top_0/inst/msg_block_gen[5].MESSAGE_BLOCK[5][189]_i_21/O
                         net (fo=6, routed)           0.640    11.588    design_1_i/top_0/inst/msg_block_gen[5].MESSAGE_BLOCK[5][189]_i_21_n_0
    SLICE_X24Y68         LUT5 (Prop_lut5_I2_O)        0.318    11.906 r  design_1_i/top_0/inst/msg_block_gen[5].MESSAGE_BLOCK[5][189]_i_16/O
                         net (fo=7, routed)           0.913    12.819    design_1_i/top_0/inst/msg_block_gen[5].MESSAGE_BLOCK[5][189]_i_16_n_0
    SLICE_X25Y68         LUT5 (Prop_lut5_I2_O)        0.354    13.173 r  design_1_i/top_0/inst/msg_block_gen[5].MESSAGE_BLOCK[5][189]_i_19/O
                         net (fo=7, routed)           0.443    13.615    design_1_i/top_0/inst/msg_block_gen[5].MESSAGE_BLOCK[5][189]_i_19_n_0
    SLICE_X25Y68         LUT5 (Prop_lut5_I2_O)        0.332    13.947 r  design_1_i/top_0/inst/msg_block_gen[5].MESSAGE_BLOCK[5][176]_i_8/O
                         net (fo=6, routed)           0.564    14.512    design_1_i/top_0/inst/msg_block_gen[5].MESSAGE_BLOCK[5][176]_i_8_n_0
    SLICE_X25Y65         LUT5 (Prop_lut5_I2_O)        0.124    14.636 r  design_1_i/top_0/inst/msg_block_gen[5].MESSAGE_BLOCK[5][176]_i_7/O
                         net (fo=9, routed)           0.543    15.179    design_1_i/top_0/inst/msg_block_gen[5].MESSAGE_BLOCK[5][176]_i_7_n_0
    SLICE_X24Y65         LUT5 (Prop_lut5_I2_O)        0.124    15.303 r  design_1_i/top_0/inst/msg_block_gen[5].MESSAGE_BLOCK[5][184]_i_7/O
                         net (fo=7, routed)           0.448    15.750    design_1_i/top_0/inst/msg_block_gen[5].MESSAGE_BLOCK[5][184]_i_7_n_0
    SLICE_X22Y65         LUT5 (Prop_lut5_I2_O)        0.117    15.867 r  design_1_i/top_0/inst/msg_block_gen[5].MESSAGE_BLOCK[5][189]_i_7/O
                         net (fo=7, routed)           0.665    16.532    design_1_i/top_0/inst/msg_block_gen[5].MESSAGE_BLOCK[5][189]_i_7_n_0
    SLICE_X21Y62         LUT5 (Prop_lut5_I2_O)        0.332    16.864 r  design_1_i/top_0/inst/msg_block_gen[5].MESSAGE_BLOCK[5][131]_i_5/O
                         net (fo=25, routed)          0.739    17.603    design_1_i/top_0/inst/msg_block_gen[5].MESSAGE_BLOCK[5][131]_i_5_n_0
    SLICE_X24Y65         LUT4 (Prop_lut4_I3_O)        0.124    17.727 f  design_1_i/top_0/inst/msg_block_gen[5].MESSAGE_BLOCK[5][189]_i_10/O
                         net (fo=14, routed)          0.617    18.345    design_1_i/top_0/inst/msg_block_gen[5].MESSAGE_BLOCK[5][189]_i_10_n_0
    SLICE_X25Y68         LUT5 (Prop_lut5_I0_O)        0.124    18.469 r  design_1_i/top_0/inst/msg_block_gen[5].MESSAGE_BLOCK[5][189]_i_4/O
                         net (fo=33, routed)          1.352    19.820    design_1_i/top_0/inst/msg_block_gen[5].MESSAGE_BLOCK[5][189]_i_4_n_0
    SLICE_X18Y65         LUT3 (Prop_lut3_I2_O)        0.152    19.972 r  design_1_i/top_0/inst/msg_block_gen[5].MESSAGE_BLOCK[5][3]_i_1/O
                         net (fo=1, routed)           0.000    19.972    design_1_i/top_0/inst/msg_block_gen[5].pad[3]
    SLICE_X18Y65         FDRE                                         r  design_1_i/top_0/inst/msg_block_gen[5].MESSAGE_BLOCK_reg[5][3]/D
  -------------------------------------------------------------------    -------------------

                         (clock clk_fpga_0 rise edge)
                                                     20.000    20.000 r  
    PS7_X0Y0             PS7                          0.000    20.000 r  design_1_i/processing_system7_0/inst/PS7_i/FCLKCLK[0]
                         net (fo=1, routed)           1.101    21.101    design_1_i/processing_system7_0/inst/FCLK_CLK_unbuffered[0]
    BUFGCTRL_X0Y0        BUFG (Prop_bufg_I_O)         0.091    21.192 r  design_1_i/processing_system7_0/inst/buffer_fclk_clk_0.FCLK_CLK_0_BUFG/O
                         net (fo=20210, routed)       1.484    22.676    design_1_i/top_0/inst/clk
    SLICE_X18Y65         FDRE                                         r  design_1_i/top_0/inst/msg_block_gen[5].MESSAGE_BLOCK_reg[5][3]/C
                         clock pessimism              0.130    22.806    
                         clock uncertainty           -0.302    22.504    
    SLICE_X18Y65         FDRE (Setup_fdre_C_D)        0.075    22.579    design_1_i/top_0/inst/msg_block_gen[5].MESSAGE_BLOCK_reg[5][3]
  -------------------------------------------------------------------
                         required time                         22.579    
                         arrival time                         -19.972    
  -------------------------------------------------------------------
                         slack                                  2.606    

Slack (MET) :             2.669ns  (required time - arrival time)
  Source:                 design_1_i/top_0/inst/nonce_bcd_0_reg[1]/C
                            (rising edge-triggered cell FDRE clocked by clk_fpga_0  {rise@0.000ns fall@10.000ns period=20.000ns})
  Destination:            design_1_i/top_0/inst/msg_block_gen[5].MESSAGE_BLOCK_reg[5][170]/D
                            (rising edge-triggered cell FDRE clocked by clk_fpga_0  {rise@0.000ns fall@10.000ns period=20.000ns})
  Path Group:             clk_fpga_0
  Path Type:              Setup (Max at Slow Process Corner)
  Requirement:            20.000ns  (clk_fpga_0 rise@20.000ns - clk_fpga_0 rise@0.000ns)
  Data Path Delay:        16.904ns  (logic 3.309ns (19.575%)  route 13.595ns (80.425%))
  Logic Levels:           13  (LUT3=1 LUT4=2 LUT5=7 LUT6=2 MUXF7=1)
  Clock Path Skew:        -0.238ns (DCD - SCD + CPR)
    Destination Clock Delay (DCD):    2.678ns = ( 22.678 - 20.000 ) 
    Source Clock Delay      (SCD):    3.046ns
    Clock Pessimism Removal (CPR):    0.130ns
  Clock Uncertainty:      0.302ns  ((TSJ^2 + TIJ^2)^1/2 + DJ) / 2 + PE
    Total System Jitter     (TSJ):    0.071ns
    Total Input Jitter      (TIJ):    0.600ns
    Discrete Jitter          (DJ):    0.000ns
    Phase Error              (PE):    0.000ns

    Location             Delay type                Incr(ns)  Path(ns)    Netlist Resource(s)
  -------------------------------------------------------------------    -------------------
                         (clock clk_fpga_0 rise edge)
                                                      0.000     0.000 r  
    PS7_X0Y0             PS7                          0.000     0.000 r  design_1_i/processing_system7_0/inst/PS7_i/FCLKCLK[0]
                         net (fo=1, routed)           1.207     1.207    design_1_i/processing_system7_0/inst/FCLK_CLK_unbuffered[0]
    BUFGCTRL_X0Y0        BUFG (Prop_bufg_I_O)         0.101     1.308 r  design_1_i/processing_system7_0/inst/buffer_fclk_clk_0.FCLK_CLK_0_BUFG/O
                         net (fo=20210, routed)       1.738     3.046    design_1_i/top_0/inst/clk
    SLICE_X42Y64         FDRE                                         r  design_1_i/top_0/inst/nonce_bcd_0_reg[1]/C
  -------------------------------------------------------------------    -------------------
    SLICE_X42Y64         FDRE (Prop_fdre_C_Q)         0.518     3.564 r  design_1_i/top_0/inst/nonce_bcd_0_reg[1]/Q
                         net (fo=105, routed)         3.999     7.563    design_1_i/top_0/inst/nonce_bcd_0_reg_n_0_[1]
    SLICE_X25Y7          LUT4 (Prop_lut4_I1_O)        0.152     7.715 r  design_1_i/top_0/inst/msg_block_gen[15].MESSAGE_BLOCK[15][131]_i_5/O
                         net (fo=12, routed)          2.881    10.596    design_1_i/top_0/inst/msg_block_gen[15].MESSAGE_BLOCK[15][131]_i_5_n_0
    SLICE_X25Y67         LUT5 (Prop_lut5_I2_O)        0.352    10.948 r  design_1_i/top_0/inst/msg_block_gen[5].MESSAGE_BLOCK[5][189]_i_21/O
                         net (fo=6, routed)           0.640    11.588    design_1_i/top_0/inst/msg_block_gen[5].MESSAGE_BLOCK[5][189]_i_21_n_0
    SLICE_X24Y68         LUT5 (Prop_lut5_I2_O)        0.318    11.906 r  design_1_i/top_0/inst/msg_block_gen[5].MESSAGE_BLOCK[5][189]_i_16/O
                         net (fo=7, routed)           0.913    12.819    design_1_i/top_0/inst/msg_block_gen[5].MESSAGE_BLOCK[5][189]_i_16_n_0
    SLICE_X25Y68         LUT5 (Prop_lut5_I2_O)        0.354    13.173 r  design_1_i/top_0/inst/msg_block_gen[5].MESSAGE_BLOCK[5][189]_i_19/O
                         net (fo=7, routed)           0.443    13.615    design_1_i/top_0/inst/msg_block_gen[5].MESSAGE_BLOCK[5][189]_i_19_n_0
    SLICE_X25Y68         LUT5 (Prop_lut5_I2_O)        0.332    13.947 r  design_1_i/top_0/inst/msg_block_gen[5].MESSAGE_BLOCK[5][176]_i_8/O
                         net (fo=6, routed)           0.564    14.512    design_1_i/top_0/inst/msg_block_gen[5].MESSAGE_BLOCK[5][176]_i_8_n_0
    SLICE_X25Y65         LUT5 (Prop_lut5_I2_O)        0.124    14.636 r  design_1_i/top_0/inst/msg_block_gen[5].MESSAGE_BLOCK[5][176]_i_7/O
                         net (fo=9, routed)           0.543    15.179    design_1_i/top_0/inst/msg_block_gen[5].MESSAGE_BLOCK[5][176]_i_7_n_0
    SLICE_X24Y65         LUT5 (Prop_lut5_I2_O)        0.124    15.303 r  design_1_i/top_0/inst/msg_block_gen[5].MESSAGE_BLOCK[5][184]_i_7/O
                         net (fo=7, routed)           0.448    15.750    design_1_i/top_0/inst/msg_block_gen[5].MESSAGE_BLOCK[5][184]_i_7_n_0
    SLICE_X22Y65         LUT5 (Prop_lut5_I2_O)        0.117    15.867 r  design_1_i/top_0/inst/msg_block_gen[5].MESSAGE_BLOCK[5][189]_i_7/O
                         net (fo=7, routed)           0.517    16.384    design_1_i/top_0/inst/msg_block_gen[5].MESSAGE_BLOCK[5][189]_i_7_n_0
    SLICE_X24Y65         LUT6 (Prop_lut6_I3_O)        0.332    16.716 f  design_1_i/top_0/inst/msg_block_gen[5].MESSAGE_BLOCK[5][189]_i_2/O
                         net (fo=60, routed)          0.528    17.244    design_1_i/top_0/inst/msg_block_gen[5].MESSAGE_BLOCK[5][189]_i_2_n_0
    SLICE_X24Y68         LUT3 (Prop_lut3_I2_O)        0.124    17.368 r  design_1_i/top_0/inst/msg_block_gen[5].MESSAGE_BLOCK[5][189]_i_3/O
                         net (fo=55, routed)          1.160    18.528    design_1_i/top_0/inst/msg_block_gen[5].MESSAGE_BLOCK[5][189]_i_3_n_0
    SLICE_X24Y65         LUT6 (Prop_lut6_I0_O)        0.124    18.652 r  design_1_i/top_0/inst/msg_block_gen[5].MESSAGE_BLOCK[5][131]_i_3/O
                         net (fo=30, routed)          0.960    19.612    design_1_i/top_0/inst/msg_block_gen[5].MESSAGE_BLOCK[5][131]_i_3_n_0
    SLICE_X20Y61         LUT4 (Prop_lut4_I1_O)        0.124    19.736 r  design_1_i/top_0/inst/msg_block_gen[5].MESSAGE_BLOCK[5][170]_i_3/O
                         net (fo=1, routed)           0.000    19.736    design_1_i/top_0/inst/msg_block_gen[5].MESSAGE_BLOCK[5][170]_i_3_n_0
    SLICE_X20Y61         MUXF7 (Prop_muxf7_I1_O)      0.214    19.950 r  design_1_i/top_0/inst/msg_block_gen[5].MESSAGE_BLOCK_reg[5][170]_i_1/O
                         net (fo=1, routed)           0.000    19.950    design_1_i/top_0/inst/msg_block_gen[5].pad[170]
    SLICE_X20Y61         FDRE                                         r  design_1_i/top_0/inst/msg_block_gen[5].MESSAGE_BLOCK_reg[5][170]/D
  -------------------------------------------------------------------    -------------------

                         (clock clk_fpga_0 rise edge)
                                                     20.000    20.000 r  
    PS7_X0Y0             PS7                          0.000    20.000 r  design_1_i/processing_system7_0/inst/PS7_i/FCLKCLK[0]
                         net (fo=1, routed)           1.101    21.101    design_1_i/processing_system7_0/inst/FCLK_CLK_unbuffered[0]
    BUFGCTRL_X0Y0        BUFG (Prop_bufg_I_O)         0.091    21.192 r  design_1_i/processing_system7_0/inst/buffer_fclk_clk_0.FCLK_CLK_0_BUFG/O
                         net (fo=20210, routed)       1.486    22.678    design_1_i/top_0/inst/clk
    SLICE_X20Y61         FDRE                                         r  design_1_i/top_0/inst/msg_block_gen[5].MESSAGE_BLOCK_reg[5][170]/C
                         clock pessimism              0.130    22.808    
                         clock uncertainty           -0.302    22.506    
    SLICE_X20Y61         FDRE (Setup_fdre_C_D)        0.113    22.619    design_1_i/top_0/inst/msg_block_gen[5].MESSAGE_BLOCK_reg[5][170]
  -------------------------------------------------------------------
                         required time                         22.619    
                         arrival time                         -19.950    
  -------------------------------------------------------------------
                         slack                                  2.669    

Slack (MET) :             2.672ns  (required time - arrival time)
  Source:                 design_1_i/top_0/inst/nonce_bcd_0_reg[1]/C
                            (rising edge-triggered cell FDRE clocked by clk_fpga_0  {rise@0.000ns fall@10.000ns period=20.000ns})
  Destination:            design_1_i/top_0/inst/msg_block_gen[5].MESSAGE_BLOCK_reg[5][138]/D
                            (rising edge-triggered cell FDRE clocked by clk_fpga_0  {rise@0.000ns fall@10.000ns period=20.000ns})
  Path Group:             clk_fpga_0
  Path Type:              Setup (Max at Slow Process Corner)
  Requirement:            20.000ns  (clk_fpga_0 rise@20.000ns - clk_fpga_0 rise@0.000ns)
  Data Path Delay:        16.852ns  (logic 3.312ns (19.654%)  route 13.540ns (80.346%))
  Logic Levels:           13  (LUT3=1 LUT4=2 LUT5=7 LUT6=2 MUXF7=1)
  Clock Path Skew:        -0.238ns (DCD - SCD + CPR)
    Destination Clock Delay (DCD):    2.678ns = ( 22.678 - 20.000 ) 
    Source Clock Delay      (SCD):    3.046ns
    Clock Pessimism Removal (CPR):    0.130ns
  Clock Uncertainty:      0.302ns  ((TSJ^2 + TIJ^2)^1/2 + DJ) / 2 + PE
    Total System Jitter     (TSJ):    0.071ns
    Total Input Jitter      (TIJ):    0.600ns
    Discrete Jitter          (DJ):    0.000ns
    Phase Error              (PE):    0.000ns

    Location             Delay type                Incr(ns)  Path(ns)    Netlist Resource(s)
  -------------------------------------------------------------------    -------------------
                         (clock clk_fpga_0 rise edge)
                                                      0.000     0.000 r  
    PS7_X0Y0             PS7                          0.000     0.000 r  design_1_i/processing_system7_0/inst/PS7_i/FCLKCLK[0]
                         net (fo=1, routed)           1.207     1.207    design_1_i/processing_system7_0/inst/FCLK_CLK_unbuffered[0]
    BUFGCTRL_X0Y0        BUFG (Prop_bufg_I_O)         0.101     1.308 r  design_1_i/processing_system7_0/inst/buffer_fclk_clk_0.FCLK_CLK_0_BUFG/O
                         net (fo=20210, routed)       1.738     3.046    design_1_i/top_0/inst/clk
    SLICE_X42Y64         FDRE                                         r  design_1_i/top_0/inst/nonce_bcd_0_reg[1]/C
  -------------------------------------------------------------------    -------------------
    SLICE_X42Y64         FDRE (Prop_fdre_C_Q)         0.518     3.564 r  design_1_i/top_0/inst/nonce_bcd_0_reg[1]/Q
                         net (fo=105, routed)         3.999     7.563    design_1_i/top_0/inst/nonce_bcd_0_reg_n_0_[1]
    SLICE_X25Y7          LUT4 (Prop_lut4_I1_O)        0.152     7.715 r  design_1_i/top_0/inst/msg_block_gen[15].MESSAGE_BLOCK[15][131]_i_5/O
                         net (fo=12, routed)          2.881    10.596    design_1_i/top_0/inst/msg_block_gen[15].MESSAGE_BLOCK[15][131]_i_5_n_0
    SLICE_X25Y67         LUT5 (Prop_lut5_I2_O)        0.352    10.948 r  design_1_i/top_0/inst/msg_block_gen[5].MESSAGE_BLOCK[5][189]_i_21/O
                         net (fo=6, routed)           0.640    11.588    design_1_i/top_0/inst/msg_block_gen[5].MESSAGE_BLOCK[5][189]_i_21_n_0
    SLICE_X24Y68         LUT5 (Prop_lut5_I2_O)        0.318    11.906 r  design_1_i/top_0/inst/msg_block_gen[5].MESSAGE_BLOCK[5][189]_i_16/O
                         net (fo=7, routed)           0.913    12.819    design_1_i/top_0/inst/msg_block_gen[5].MESSAGE_BLOCK[5][189]_i_16_n_0
    SLICE_X25Y68         LUT5 (Prop_lut5_I2_O)        0.354    13.173 r  design_1_i/top_0/inst/msg_block_gen[5].MESSAGE_BLOCK[5][189]_i_19/O
                         net (fo=7, routed)           0.443    13.615    design_1_i/top_0/inst/msg_block_gen[5].MESSAGE_BLOCK[5][189]_i_19_n_0
    SLICE_X25Y68         LUT5 (Prop_lut5_I2_O)        0.332    13.947 r  design_1_i/top_0/inst/msg_block_gen[5].MESSAGE_BLOCK[5][176]_i_8/O
                         net (fo=6, routed)           0.564    14.512    design_1_i/top_0/inst/msg_block_gen[5].MESSAGE_BLOCK[5][176]_i_8_n_0
    SLICE_X25Y65         LUT5 (Prop_lut5_I2_O)        0.124    14.636 r  design_1_i/top_0/inst/msg_block_gen[5].MESSAGE_BLOCK[5][176]_i_7/O
                         net (fo=9, routed)           0.543    15.179    design_1_i/top_0/inst/msg_block_gen[5].MESSAGE_BLOCK[5][176]_i_7_n_0
    SLICE_X24Y65         LUT5 (Prop_lut5_I2_O)        0.124    15.303 r  design_1_i/top_0/inst/msg_block_gen[5].MESSAGE_BLOCK[5][184]_i_7/O
                         net (fo=7, routed)           0.448    15.750    design_1_i/top_0/inst/msg_block_gen[5].MESSAGE_BLOCK[5][184]_i_7_n_0
    SLICE_X22Y65         LUT5 (Prop_lut5_I2_O)        0.117    15.867 r  design_1_i/top_0/inst/msg_block_gen[5].MESSAGE_BLOCK[5][189]_i_7/O
                         net (fo=7, routed)           0.517    16.384    design_1_i/top_0/inst/msg_block_gen[5].MESSAGE_BLOCK[5][189]_i_7_n_0
    SLICE_X24Y65         LUT6 (Prop_lut6_I3_O)        0.332    16.716 f  design_1_i/top_0/inst/msg_block_gen[5].MESSAGE_BLOCK[5][189]_i_2/O
                         net (fo=60, routed)          0.528    17.244    design_1_i/top_0/inst/msg_block_gen[5].MESSAGE_BLOCK[5][189]_i_2_n_0
    SLICE_X24Y68         LUT3 (Prop_lut3_I2_O)        0.124    17.368 r  design_1_i/top_0/inst/msg_block_gen[5].MESSAGE_BLOCK[5][189]_i_3/O
                         net (fo=55, routed)          1.160    18.528    design_1_i/top_0/inst/msg_block_gen[5].MESSAGE_BLOCK[5][189]_i_3_n_0
    SLICE_X24Y65         LUT6 (Prop_lut6_I0_O)        0.124    18.652 r  design_1_i/top_0/inst/msg_block_gen[5].MESSAGE_BLOCK[5][131]_i_3/O
                         net (fo=30, routed)          0.905    19.557    design_1_i/top_0/inst/msg_block_gen[5].MESSAGE_BLOCK[5][131]_i_3_n_0
    SLICE_X18Y62         LUT4 (Prop_lut4_I1_O)        0.124    19.681 r  design_1_i/top_0/inst/msg_block_gen[5].MESSAGE_BLOCK[5][138]_i_3/O
                         net (fo=1, routed)           0.000    19.681    design_1_i/top_0/inst/msg_block_gen[5].MESSAGE_BLOCK[5][138]_i_3_n_0
    SLICE_X18Y62         MUXF7 (Prop_muxf7_I1_O)      0.217    19.898 r  design_1_i/top_0/inst/msg_block_gen[5].MESSAGE_BLOCK_reg[5][138]_i_1/O
                         net (fo=1, routed)           0.000    19.898    design_1_i/top_0/inst/msg_block_gen[5].pad[138]
    SLICE_X18Y62         FDRE                                         r  design_1_i/top_0/inst/msg_block_gen[5].MESSAGE_BLOCK_reg[5][138]/D
  -------------------------------------------------------------------    -------------------

                         (clock clk_fpga_0 rise edge)
                                                     20.000    20.000 r  
    PS7_X0Y0             PS7                          0.000    20.000 r  design_1_i/processing_system7_0/inst/PS7_i/FCLKCLK[0]
                         net (fo=1, routed)           1.101    21.101    design_1_i/processing_system7_0/inst/FCLK_CLK_unbuffered[0]
    BUFGCTRL_X0Y0        BUFG (Prop_bufg_I_O)         0.091    21.192 r  design_1_i/processing_system7_0/inst/buffer_fclk_clk_0.FCLK_CLK_0_BUFG/O
                         net (fo=20210, routed)       1.486    22.678    design_1_i/top_0/inst/clk
    SLICE_X18Y62         FDRE                                         r  design_1_i/top_0/inst/msg_block_gen[5].MESSAGE_BLOCK_reg[5][138]/C
                         clock pessimism              0.130    22.808    
                         clock uncertainty           -0.302    22.506    
    SLICE_X18Y62         FDRE (Setup_fdre_C_D)        0.064    22.570    design_1_i/top_0/inst/msg_block_gen[5].MESSAGE_BLOCK_reg[5][138]
  -------------------------------------------------------------------
                         required time                         22.570    
                         arrival time                         -19.898    
  -------------------------------------------------------------------
                         slack                                  2.672    

Slack (MET) :             2.677ns  (required time - arrival time)
  Source:                 design_1_i/top_0/inst/nonce_bcd_0_reg[1]/C
                            (rising edge-triggered cell FDRE clocked by clk_fpga_0  {rise@0.000ns fall@10.000ns period=20.000ns})
  Destination:            design_1_i/top_0/inst/msg_block_gen[5].MESSAGE_BLOCK_reg[5][162]/D
                            (rising edge-triggered cell FDRE clocked by clk_fpga_0  {rise@0.000ns fall@10.000ns period=20.000ns})
  Path Group:             clk_fpga_0
  Path Type:              Setup (Max at Slow Process Corner)
  Requirement:            20.000ns  (clk_fpga_0 rise@20.000ns - clk_fpga_0 rise@0.000ns)
  Data Path Delay:        16.846ns  (logic 3.333ns (19.786%)  route 13.513ns (80.214%))
  Logic Levels:           13  (LUT4=2 LUT5=9 LUT6=1 MUXF7=1)
  Clock Path Skew:        -0.239ns (DCD - SCD + CPR)
    Destination Clock Delay (DCD):    2.677ns = ( 22.677 - 20.000 ) 
    Source Clock Delay      (SCD):    3.046ns
    Clock Pessimism Removal (CPR):    0.130ns
  Clock Uncertainty:      0.302ns  ((TSJ^2 + TIJ^2)^1/2 + DJ) / 2 + PE
    Total System Jitter     (TSJ):    0.071ns
    Total Input Jitter      (TIJ):    0.600ns
    Discrete Jitter          (DJ):    0.000ns
    Phase Error              (PE):    0.000ns

    Location             Delay type                Incr(ns)  Path(ns)    Netlist Resource(s)
  -------------------------------------------------------------------    -------------------
                         (clock clk_fpga_0 rise edge)
                                                      0.000     0.000 r  
    PS7_X0Y0             PS7                          0.000     0.000 r  design_1_i/processing_system7_0/inst/PS7_i/FCLKCLK[0]
                         net (fo=1, routed)           1.207     1.207    design_1_i/processing_system7_0/inst/FCLK_CLK_unbuffered[0]
    BUFGCTRL_X0Y0        BUFG (Prop_bufg_I_O)         0.101     1.308 r  design_1_i/processing_system7_0/inst/buffer_fclk_clk_0.FCLK_CLK_0_BUFG/O
                         net (fo=20210, routed)       1.738     3.046    design_1_i/top_0/inst/clk
    SLICE_X42Y64         FDRE                                         r  design_1_i/top_0/inst/nonce_bcd_0_reg[1]/C
  -------------------------------------------------------------------    -------------------
    SLICE_X42Y64         FDRE (Prop_fdre_C_Q)         0.518     3.564 r  design_1_i/top_0/inst/nonce_bcd_0_reg[1]/Q
                         net (fo=105, routed)         3.999     7.563    design_1_i/top_0/inst/nonce_bcd_0_reg_n_0_[1]
    SLICE_X25Y7          LUT4 (Prop_lut4_I1_O)        0.152     7.715 r  design_1_i/top_0/inst/msg_block_gen[15].MESSAGE_BLOCK[15][131]_i_5/O
                         net (fo=12, routed)          2.881    10.596    design_1_i/top_0/inst/msg_block_gen[15].MESSAGE_BLOCK[15][131]_i_5_n_0
    SLICE_X25Y67         LUT5 (Prop_lut5_I2_O)        0.352    10.948 r  design_1_i/top_0/inst/msg_block_gen[5].MESSAGE_BLOCK[5][189]_i_21/O
                         net (fo=6, routed)           0.640    11.588    design_1_i/top_0/inst/msg_block_gen[5].MESSAGE_BLOCK[5][189]_i_21_n_0
    SLICE_X24Y68         LUT5 (Prop_lut5_I2_O)        0.318    11.906 r  design_1_i/top_0/inst/msg_block_gen[5].MESSAGE_BLOCK[5][189]_i_16/O
                         net (fo=7, routed)           0.913    12.819    design_1_i/top_0/inst/msg_block_gen[5].MESSAGE_BLOCK[5][189]_i_16_n_0
    SLICE_X25Y68         LUT5 (Prop_lut5_I2_O)        0.354    13.173 r  design_1_i/top_0/inst/msg_block_gen[5].MESSAGE_BLOCK[5][189]_i_19/O
                         net (fo=7, routed)           0.443    13.615    design_1_i/top_0/inst/msg_block_gen[5].MESSAGE_BLOCK[5][189]_i_19_n_0
    SLICE_X25Y68         LUT5 (Prop_lut5_I2_O)        0.332    13.947 r  design_1_i/top_0/inst/msg_block_gen[5].MESSAGE_BLOCK[5][176]_i_8/O
                         net (fo=6, routed)           0.564    14.512    design_1_i/top_0/inst/msg_block_gen[5].MESSAGE_BLOCK[5][176]_i_8_n_0
    SLICE_X25Y65         LUT5 (Prop_lut5_I2_O)        0.124    14.636 r  design_1_i/top_0/inst/msg_block_gen[5].MESSAGE_BLOCK[5][176]_i_7/O
                         net (fo=9, routed)           0.543    15.179    design_1_i/top_0/inst/msg_block_gen[5].MESSAGE_BLOCK[5][176]_i_7_n_0
    SLICE_X24Y65         LUT5 (Prop_lut5_I2_O)        0.124    15.303 r  design_1_i/top_0/inst/msg_block_gen[5].MESSAGE_BLOCK[5][184]_i_7/O
                         net (fo=7, routed)           0.448    15.750    design_1_i/top_0/inst/msg_block_gen[5].MESSAGE_BLOCK[5][184]_i_7_n_0
    SLICE_X22Y65         LUT5 (Prop_lut5_I2_O)        0.117    15.867 r  design_1_i/top_0/inst/msg_block_gen[5].MESSAGE_BLOCK[5][189]_i_7/O
                         net (fo=7, routed)           0.665    16.532    design_1_i/top_0/inst/msg_block_gen[5].MESSAGE_BLOCK[5][189]_i_7_n_0
    SLICE_X21Y62         LUT5 (Prop_lut5_I2_O)        0.332    16.864 r  design_1_i/top_0/inst/msg_block_gen[5].MESSAGE_BLOCK[5][131]_i_5/O
                         net (fo=25, routed)          0.739    17.603    design_1_i/top_0/inst/msg_block_gen[5].MESSAGE_BLOCK[5][131]_i_5_n_0
    SLICE_X24Y65         LUT4 (Prop_lut4_I3_O)        0.124    17.727 f  design_1_i/top_0/inst/msg_block_gen[5].MESSAGE_BLOCK[5][189]_i_10/O
                         net (fo=14, routed)          0.617    18.345    design_1_i/top_0/inst/msg_block_gen[5].MESSAGE_BLOCK[5][189]_i_10_n_0
    SLICE_X25Y68         LUT5 (Prop_lut5_I0_O)        0.124    18.469 r  design_1_i/top_0/inst/msg_block_gen[5].MESSAGE_BLOCK[5][189]_i_4/O
                         net (fo=33, routed)          1.061    19.530    design_1_i/top_0/inst/msg_block_gen[5].MESSAGE_BLOCK[5][189]_i_4_n_0
    SLICE_X19Y63         LUT6 (Prop_lut6_I2_O)        0.124    19.654 r  design_1_i/top_0/inst/msg_block_gen[5].MESSAGE_BLOCK[5][162]_i_2/O
                         net (fo=1, routed)           0.000    19.654    design_1_i/top_0/inst/msg_block_gen[5].MESSAGE_BLOCK[5][162]_i_2_n_0
    SLICE_X19Y63         MUXF7 (Prop_muxf7_I0_O)      0.238    19.892 r  design_1_i/top_0/inst/msg_block_gen[5].MESSAGE_BLOCK_reg[5][162]_i_1/O
                         net (fo=1, routed)           0.000    19.892    design_1_i/top_0/inst/msg_block_gen[5].pad[162]
    SLICE_X19Y63         FDRE                                         r  design_1_i/top_0/inst/msg_block_gen[5].MESSAGE_BLOCK_reg[5][162]/D
  -------------------------------------------------------------------    -------------------

                         (clock clk_fpga_0 rise edge)
                                                     20.000    20.000 r  
    PS7_X0Y0             PS7                          0.000    20.000 r  design_1_i/processing_system7_0/inst/PS7_i/FCLKCLK[0]
                         net (fo=1, routed)           1.101    21.101    design_1_i/processing_system7_0/inst/FCLK_CLK_unbuffered[0]
    BUFGCTRL_X0Y0        BUFG (Prop_bufg_I_O)         0.091    21.192 r  design_1_i/processing_system7_0/inst/buffer_fclk_clk_0.FCLK_CLK_0_BUFG/O
                         net (fo=20210, routed)       1.485    22.677    design_1_i/top_0/inst/clk
    SLICE_X19Y63         FDRE                                         r  design_1_i/top_0/inst/msg_block_gen[5].MESSAGE_BLOCK_reg[5][162]/C
                         clock pessimism              0.130    22.807    
                         clock uncertainty           -0.302    22.505    
    SLICE_X19Y63         FDRE (Setup_fdre_C_D)        0.064    22.569    design_1_i/top_0/inst/msg_block_gen[5].MESSAGE_BLOCK_reg[5][162]
  -------------------------------------------------------------------
                         required time                         22.569    
                         arrival time                         -19.892    
  -------------------------------------------------------------------
                         slack                                  2.677    

Slack (MET) :             2.678ns  (required time - arrival time)
  Source:                 design_1_i/top_0/inst/nonce_bcd_0_reg[1]/C
                            (rising edge-triggered cell FDRE clocked by clk_fpga_0  {rise@0.000ns fall@10.000ns period=20.000ns})
  Destination:            design_1_i/top_0/inst/msg_block_gen[5].MESSAGE_BLOCK_reg[5][177]/D
                            (rising edge-triggered cell FDRE clocked by clk_fpga_0  {rise@0.000ns fall@10.000ns period=20.000ns})
  Path Group:             clk_fpga_0
  Path Type:              Setup (Max at Slow Process Corner)
  Requirement:            20.000ns  (clk_fpga_0 rise@20.000ns - clk_fpga_0 rise@0.000ns)
  Data Path Delay:        16.842ns  (logic 3.340ns (19.831%)  route 13.502ns (80.169%))
  Logic Levels:           13  (LUT3=1 LUT4=2 LUT5=7 LUT6=2 MUXF7=1)
  Clock Path Skew:        -0.241ns (DCD - SCD + CPR)
    Destination Clock Delay (DCD):    2.675ns = ( 22.675 - 20.000 ) 
    Source Clock Delay      (SCD):    3.046ns
    Clock Pessimism Removal (CPR):    0.130ns
  Clock Uncertainty:      0.302ns  ((TSJ^2 + TIJ^2)^1/2 + DJ) / 2 + PE
    Total System Jitter     (TSJ):    0.071ns
    Total Input Jitter      (TIJ):    0.600ns
    Discrete Jitter          (DJ):    0.000ns
    Phase Error              (PE):    0.000ns

    Location             Delay type                Incr(ns)  Path(ns)    Netlist Resource(s)
  -------------------------------------------------------------------    -------------------
                         (clock clk_fpga_0 rise edge)
                                                      0.000     0.000 r  
    PS7_X0Y0             PS7                          0.000     0.000 r  design_1_i/processing_system7_0/inst/PS7_i/FCLKCLK[0]
                         net (fo=1, routed)           1.207     1.207    design_1_i/processing_system7_0/inst/FCLK_CLK_unbuffered[0]
    BUFGCTRL_X0Y0        BUFG (Prop_bufg_I_O)         0.101     1.308 r  design_1_i/processing_system7_0/inst/buffer_fclk_clk_0.FCLK_CLK_0_BUFG/O
                         net (fo=20210, routed)       1.738     3.046    design_1_i/top_0/inst/clk
    SLICE_X42Y64         FDRE                                         r  design_1_i/top_0/inst/nonce_bcd_0_reg[1]/C
  -------------------------------------------------------------------    -------------------
    SLICE_X42Y64         FDRE (Prop_fdre_C_Q)         0.518     3.564 r  design_1_i/top_0/inst/nonce_bcd_0_reg[1]/Q
                         net (fo=105, routed)         3.999     7.563    design_1_i/top_0/inst/nonce_bcd_0_reg_n_0_[1]
    SLICE_X25Y7          LUT4 (Prop_lut4_I1_O)        0.152     7.715 r  design_1_i/top_0/inst/msg_block_gen[15].MESSAGE_BLOCK[15][131]_i_5/O
                         net (fo=12, routed)          2.881    10.596    design_1_i/top_0/inst/msg_block_gen[15].MESSAGE_BLOCK[15][131]_i_5_n_0
    SLICE_X25Y67         LUT5 (Prop_lut5_I2_O)        0.352    10.948 r  design_1_i/top_0/inst/msg_block_gen[5].MESSAGE_BLOCK[5][189]_i_21/O
                         net (fo=6, routed)           0.640    11.588    design_1_i/top_0/inst/msg_block_gen[5].MESSAGE_BLOCK[5][189]_i_21_n_0
    SLICE_X24Y68         LUT5 (Prop_lut5_I2_O)        0.318    11.906 r  design_1_i/top_0/inst/msg_block_gen[5].MESSAGE_BLOCK[5][189]_i_16/O
                         net (fo=7, routed)           0.913    12.819    design_1_i/top_0/inst/msg_block_gen[5].MESSAGE_BLOCK[5][189]_i_16_n_0
    SLICE_X25Y68         LUT5 (Prop_lut5_I2_O)        0.354    13.173 r  design_1_i/top_0/inst/msg_block_gen[5].MESSAGE_BLOCK[5][189]_i_19/O
                         net (fo=7, routed)           0.443    13.615    design_1_i/top_0/inst/msg_block_gen[5].MESSAGE_BLOCK[5][189]_i_19_n_0
    SLICE_X25Y68         LUT5 (Prop_lut5_I2_O)        0.332    13.947 r  design_1_i/top_0/inst/msg_block_gen[5].MESSAGE_BLOCK[5][176]_i_8/O
                         net (fo=6, routed)           0.564    14.512    design_1_i/top_0/inst/msg_block_gen[5].MESSAGE_BLOCK[5][176]_i_8_n_0
    SLICE_X25Y65         LUT5 (Prop_lut5_I2_O)        0.124    14.636 r  design_1_i/top_0/inst/msg_block_gen[5].MESSAGE_BLOCK[5][176]_i_7/O
                         net (fo=9, routed)           0.543    15.179    design_1_i/top_0/inst/msg_block_gen[5].MESSAGE_BLOCK[5][176]_i_7_n_0
    SLICE_X24Y65         LUT5 (Prop_lut5_I2_O)        0.124    15.303 r  design_1_i/top_0/inst/msg_block_gen[5].MESSAGE_BLOCK[5][184]_i_7/O
                         net (fo=7, routed)           0.448    15.750    design_1_i/top_0/inst/msg_block_gen[5].MESSAGE_BLOCK[5][184]_i_7_n_0
    SLICE_X22Y65         LUT5 (Prop_lut5_I2_O)        0.117    15.867 r  design_1_i/top_0/inst/msg_block_gen[5].MESSAGE_BLOCK[5][189]_i_7/O
                         net (fo=7, routed)           0.517    16.384    design_1_i/top_0/inst/msg_block_gen[5].MESSAGE_BLOCK[5][189]_i_7_n_0
    SLICE_X24Y65         LUT6 (Prop_lut6_I3_O)        0.332    16.716 f  design_1_i/top_0/inst/msg_block_gen[5].MESSAGE_BLOCK[5][189]_i_2/O
                         net (fo=60, routed)          0.528    17.244    design_1_i/top_0/inst/msg_block_gen[5].MESSAGE_BLOCK[5][189]_i_2_n_0
    SLICE_X24Y68         LUT3 (Prop_lut3_I2_O)        0.124    17.368 r  design_1_i/top_0/inst/msg_block_gen[5].MESSAGE_BLOCK[5][189]_i_3/O
                         net (fo=55, routed)          1.160    18.528    design_1_i/top_0/inst/msg_block_gen[5].MESSAGE_BLOCK[5][189]_i_3_n_0
    SLICE_X24Y65         LUT6 (Prop_lut6_I0_O)        0.124    18.652 r  design_1_i/top_0/inst/msg_block_gen[5].MESSAGE_BLOCK[5][131]_i_3/O
                         net (fo=30, routed)          0.868    19.519    design_1_i/top_0/inst/msg_block_gen[5].MESSAGE_BLOCK[5][131]_i_3_n_0
    SLICE_X19Y66         LUT4 (Prop_lut4_I1_O)        0.124    19.643 r  design_1_i/top_0/inst/msg_block_gen[5].MESSAGE_BLOCK[5][177]_i_3/O
                         net (fo=1, routed)           0.000    19.643    design_1_i/top_0/inst/msg_block_gen[5].MESSAGE_BLOCK[5][177]_i_3_n_0
    SLICE_X19Y66         MUXF7 (Prop_muxf7_I1_O)      0.245    19.888 r  design_1_i/top_0/inst/msg_block_gen[5].MESSAGE_BLOCK_reg[5][177]_i_1/O
                         net (fo=1, routed)           0.000    19.888    design_1_i/top_0/inst/msg_block_gen[5].pad[177]
    SLICE_X19Y66         FDRE                                         r  design_1_i/top_0/inst/msg_block_gen[5].MESSAGE_BLOCK_reg[5][177]/D
  -------------------------------------------------------------------    -------------------

                         (clock clk_fpga_0 rise edge)
                                                     20.000    20.000 r  
    PS7_X0Y0             PS7                          0.000    20.000 r  design_1_i/processing_system7_0/inst/PS7_i/FCLKCLK[0]
                         net (fo=1, routed)           1.101    21.101    design_1_i/processing_system7_0/inst/FCLK_CLK_unbuffered[0]
    BUFGCTRL_X0Y0        BUFG (Prop_bufg_I_O)         0.091    21.192 r  design_1_i/processing_system7_0/inst/buffer_fclk_clk_0.FCLK_CLK_0_BUFG/O
                         net (fo=20210, routed)       1.483    22.675    design_1_i/top_0/inst/clk
    SLICE_X19Y66         FDRE                                         r  design_1_i/top_0/inst/msg_block_gen[5].MESSAGE_BLOCK_reg[5][177]/C
                         clock pessimism              0.130    22.805    
                         clock uncertainty           -0.302    22.503    
    SLICE_X19Y66         FDRE (Setup_fdre_C_D)        0.064    22.567    design_1_i/top_0/inst/msg_block_gen[5].MESSAGE_BLOCK_reg[5][177]
  -------------------------------------------------------------------
                         required time                         22.567    
                         arrival time                         -19.888    
  -------------------------------------------------------------------
                         slack                                  2.678    

Slack (MET) :             2.681ns  (required time - arrival time)
  Source:                 design_1_i/top_0/inst/nonce_bcd_0_reg[1]/C
                            (rising edge-triggered cell FDRE clocked by clk_fpga_0  {rise@0.000ns fall@10.000ns period=20.000ns})
  Destination:            design_1_i/top_0/inst/msg_block_gen[5].MESSAGE_BLOCK_reg[5][146]/D
                            (rising edge-triggered cell FDRE clocked by clk_fpga_0  {rise@0.000ns fall@10.000ns period=20.000ns})
  Path Group:             clk_fpga_0
  Path Type:              Setup (Max at Slow Process Corner)
  Requirement:            20.000ns  (clk_fpga_0 rise@20.000ns - clk_fpga_0 rise@0.000ns)
  Data Path Delay:        16.842ns  (logic 3.312ns (19.666%)  route 13.530ns (80.334%))
  Logic Levels:           13  (LUT3=1 LUT4=2 LUT5=7 LUT6=2 MUXF7=1)
  Clock Path Skew:        -0.239ns (DCD - SCD + CPR)
    Destination Clock Delay (DCD):    2.677ns = ( 22.677 - 20.000 ) 
    Source Clock Delay      (SCD):    3.046ns
    Clock Pessimism Removal (CPR):    0.130ns
  Clock Uncertainty:      0.302ns  ((TSJ^2 + TIJ^2)^1/2 + DJ) / 2 + PE
    Total System Jitter     (TSJ):    0.071ns
    Total Input Jitter      (TIJ):    0.600ns
    Discrete Jitter          (DJ):    0.000ns
    Phase Error              (PE):    0.000ns

    Location             Delay type                Incr(ns)  Path(ns)    Netlist Resource(s)
  -------------------------------------------------------------------    -------------------
                         (clock clk_fpga_0 rise edge)
                                                      0.000     0.000 r  
    PS7_X0Y0             PS7                          0.000     0.000 r  design_1_i/processing_system7_0/inst/PS7_i/FCLKCLK[0]
                         net (fo=1, routed)           1.207     1.207    design_1_i/processing_system7_0/inst/FCLK_CLK_unbuffered[0]
    BUFGCTRL_X0Y0        BUFG (Prop_bufg_I_O)         0.101     1.308 r  design_1_i/processing_system7_0/inst/buffer_fclk_clk_0.FCLK_CLK_0_BUFG/O
                         net (fo=20210, routed)       1.738     3.046    design_1_i/top_0/inst/clk
    SLICE_X42Y64         FDRE                                         r  design_1_i/top_0/inst/nonce_bcd_0_reg[1]/C
  -------------------------------------------------------------------    -------------------
    SLICE_X42Y64         FDRE (Prop_fdre_C_Q)         0.518     3.564 r  design_1_i/top_0/inst/nonce_bcd_0_reg[1]/Q
                         net (fo=105, routed)         3.999     7.563    design_1_i/top_0/inst/nonce_bcd_0_reg_n_0_[1]
    SLICE_X25Y7          LUT4 (Prop_lut4_I1_O)        0.152     7.715 r  design_1_i/top_0/inst/msg_block_gen[15].MESSAGE_BLOCK[15][131]_i_5/O
                         net (fo=12, routed)          2.881    10.596    design_1_i/top_0/inst/msg_block_gen[15].MESSAGE_BLOCK[15][131]_i_5_n_0
    SLICE_X25Y67         LUT5 (Prop_lut5_I2_O)        0.352    10.948 r  design_1_i/top_0/inst/msg_block_gen[5].MESSAGE_BLOCK[5][189]_i_21/O
                         net (fo=6, routed)           0.640    11.588    design_1_i/top_0/inst/msg_block_gen[5].MESSAGE_BLOCK[5][189]_i_21_n_0
    SLICE_X24Y68         LUT5 (Prop_lut5_I2_O)        0.318    11.906 r  design_1_i/top_0/inst/msg_block_gen[5].MESSAGE_BLOCK[5][189]_i_16/O
                         net (fo=7, routed)           0.913    12.819    design_1_i/top_0/inst/msg_block_gen[5].MESSAGE_BLOCK[5][189]_i_16_n_0
    SLICE_X25Y68         LUT5 (Prop_lut5_I2_O)        0.354    13.173 r  design_1_i/top_0/inst/msg_block_gen[5].MESSAGE_BLOCK[5][189]_i_19/O
                         net (fo=7, routed)           0.443    13.615    design_1_i/top_0/inst/msg_block_gen[5].MESSAGE_BLOCK[5][189]_i_19_n_0
    SLICE_X25Y68         LUT5 (Prop_lut5_I2_O)        0.332    13.947 r  design_1_i/top_0/inst/msg_block_gen[5].MESSAGE_BLOCK[5][176]_i_8/O
                         net (fo=6, routed)           0.564    14.512    design_1_i/top_0/inst/msg_block_gen[5].MESSAGE_BLOCK[5][176]_i_8_n_0
    SLICE_X25Y65         LUT5 (Prop_lut5_I2_O)        0.124    14.636 r  design_1_i/top_0/inst/msg_block_gen[5].MESSAGE_BLOCK[5][176]_i_7/O
                         net (fo=9, routed)           0.543    15.179    design_1_i/top_0/inst/msg_block_gen[5].MESSAGE_BLOCK[5][176]_i_7_n_0
    SLICE_X24Y65         LUT5 (Prop_lut5_I2_O)        0.124    15.303 r  design_1_i/top_0/inst/msg_block_gen[5].MESSAGE_BLOCK[5][184]_i_7/O
                         net (fo=7, routed)           0.448    15.750    design_1_i/top_0/inst/msg_block_gen[5].MESSAGE_BLOCK[5][184]_i_7_n_0
    SLICE_X22Y65         LUT5 (Prop_lut5_I2_O)        0.117    15.867 r  design_1_i/top_0/inst/msg_block_gen[5].MESSAGE_BLOCK[5][189]_i_7/O
                         net (fo=7, routed)           0.517    16.384    design_1_i/top_0/inst/msg_block_gen[5].MESSAGE_BLOCK[5][189]_i_7_n_0
    SLICE_X24Y65         LUT6 (Prop_lut6_I3_O)        0.332    16.716 f  design_1_i/top_0/inst/msg_block_gen[5].MESSAGE_BLOCK[5][189]_i_2/O
                         net (fo=60, routed)          0.528    17.244    design_1_i/top_0/inst/msg_block_gen[5].MESSAGE_BLOCK[5][189]_i_2_n_0
    SLICE_X24Y68         LUT3 (Prop_lut3_I2_O)        0.124    17.368 r  design_1_i/top_0/inst/msg_block_gen[5].MESSAGE_BLOCK[5][189]_i_3/O
                         net (fo=55, routed)          1.160    18.528    design_1_i/top_0/inst/msg_block_gen[5].MESSAGE_BLOCK[5][189]_i_3_n_0
    SLICE_X24Y65         LUT6 (Prop_lut6_I0_O)        0.124    18.652 r  design_1_i/top_0/inst/msg_block_gen[5].MESSAGE_BLOCK[5][131]_i_3/O
                         net (fo=30, routed)          0.895    19.547    design_1_i/top_0/inst/msg_block_gen[5].MESSAGE_BLOCK[5][131]_i_3_n_0
    SLICE_X18Y63         LUT4 (Prop_lut4_I1_O)        0.124    19.671 r  design_1_i/top_0/inst/msg_block_gen[5].MESSAGE_BLOCK[5][146]_i_3/O
                         net (fo=1, routed)           0.000    19.671    design_1_i/top_0/inst/msg_block_gen[5].MESSAGE_BLOCK[5][146]_i_3_n_0
    SLICE_X18Y63         MUXF7 (Prop_muxf7_I1_O)      0.217    19.888 r  design_1_i/top_0/inst/msg_block_gen[5].MESSAGE_BLOCK_reg[5][146]_i_1/O
                         net (fo=1, routed)           0.000    19.888    design_1_i/top_0/inst/msg_block_gen[5].pad[146]
    SLICE_X18Y63         FDRE                                         r  design_1_i/top_0/inst/msg_block_gen[5].MESSAGE_BLOCK_reg[5][146]/D
  -------------------------------------------------------------------    -------------------

                         (clock clk_fpga_0 rise edge)
                                                     20.000    20.000 r  
    PS7_X0Y0             PS7                          0.000    20.000 r  design_1_i/processing_system7_0/inst/PS7_i/FCLKCLK[0]
                         net (fo=1, routed)           1.101    21.101    design_1_i/processing_system7_0/inst/FCLK_CLK_unbuffered[0]
    BUFGCTRL_X0Y0        BUFG (Prop_bufg_I_O)         0.091    21.192 r  design_1_i/processing_system7_0/inst/buffer_fclk_clk_0.FCLK_CLK_0_BUFG/O
                         net (fo=20210, routed)       1.485    22.677    design_1_i/top_0/inst/clk
    SLICE_X18Y63         FDRE                                         r  design_1_i/top_0/inst/msg_block_gen[5].MESSAGE_BLOCK_reg[5][146]/C
                         clock pessimism              0.130    22.807    
                         clock uncertainty           -0.302    22.505    
    SLICE_X18Y63         FDRE (Setup_fdre_C_D)        0.064    22.569    design_1_i/top_0/inst/msg_block_gen[5].MESSAGE_BLOCK_reg[5][146]
  -------------------------------------------------------------------
                         required time                         22.569    
                         arrival time                         -19.888    
  -------------------------------------------------------------------
                         slack                                  2.681    

Slack (MET) :             2.697ns  (required time - arrival time)
  Source:                 design_1_i/top_0/inst/nonce_bcd_0_reg[1]/C
                            (rising edge-triggered cell FDRE clocked by clk_fpga_0  {rise@0.000ns fall@10.000ns period=20.000ns})
  Destination:            design_1_i/top_0/inst/msg_block_gen[5].MESSAGE_BLOCK_reg[5][178]/D
                            (rising edge-triggered cell FDRE clocked by clk_fpga_0  {rise@0.000ns fall@10.000ns period=20.000ns})
  Path Group:             clk_fpga_0
  Path Type:              Setup (Max at Slow Process Corner)
  Requirement:            20.000ns  (clk_fpga_0 rise@20.000ns - clk_fpga_0 rise@0.000ns)
  Data Path Delay:        16.874ns  (logic 3.309ns (19.610%)  route 13.565ns (80.390%))
  Logic Levels:           13  (LUT3=1 LUT4=2 LUT5=7 LUT6=2 MUXF7=1)
  Clock Path Skew:        -0.240ns (DCD - SCD + CPR)
    Destination Clock Delay (DCD):    2.676ns = ( 22.676 - 20.000 ) 
    Source Clock Delay      (SCD):    3.046ns
    Clock Pessimism Removal (CPR):    0.130ns
  Clock Uncertainty:      0.302ns  ((TSJ^2 + TIJ^2)^1/2 + DJ) / 2 + PE
    Total System Jitter     (TSJ):    0.071ns
    Total Input Jitter      (TIJ):    0.600ns
    Discrete Jitter          (DJ):    0.000ns
    Phase Error              (PE):    0.000ns

    Location             Delay type                Incr(ns)  Path(ns)    Netlist Resource(s)
  -------------------------------------------------------------------    -------------------
                         (clock clk_fpga_0 rise edge)
                                                      0.000     0.000 r  
    PS7_X0Y0             PS7                          0.000     0.000 r  design_1_i/processing_system7_0/inst/PS7_i/FCLKCLK[0]
                         net (fo=1, routed)           1.207     1.207    design_1_i/processing_system7_0/inst/FCLK_CLK_unbuffered[0]
    BUFGCTRL_X0Y0        BUFG (Prop_bufg_I_O)         0.101     1.308 r  design_1_i/processing_system7_0/inst/buffer_fclk_clk_0.FCLK_CLK_0_BUFG/O
                         net (fo=20210, routed)       1.738     3.046    design_1_i/top_0/inst/clk
    SLICE_X42Y64         FDRE                                         r  design_1_i/top_0/inst/nonce_bcd_0_reg[1]/C
  -------------------------------------------------------------------    -------------------
    SLICE_X42Y64         FDRE (Prop_fdre_C_Q)         0.518     3.564 r  design_1_i/top_0/inst/nonce_bcd_0_reg[1]/Q
                         net (fo=105, routed)         3.999     7.563    design_1_i/top_0/inst/nonce_bcd_0_reg_n_0_[1]
    SLICE_X25Y7          LUT4 (Prop_lut4_I1_O)        0.152     7.715 r  design_1_i/top_0/inst/msg_block_gen[15].MESSAGE_BLOCK[15][131]_i_5/O
                         net (fo=12, routed)          2.881    10.596    design_1_i/top_0/inst/msg_block_gen[15].MESSAGE_BLOCK[15][131]_i_5_n_0
    SLICE_X25Y67         LUT5 (Prop_lut5_I2_O)        0.352    10.948 r  design_1_i/top_0/inst/msg_block_gen[5].MESSAGE_BLOCK[5][189]_i_21/O
                         net (fo=6, routed)           0.640    11.588    design_1_i/top_0/inst/msg_block_gen[5].MESSAGE_BLOCK[5][189]_i_21_n_0
    SLICE_X24Y68         LUT5 (Prop_lut5_I2_O)        0.318    11.906 r  design_1_i/top_0/inst/msg_block_gen[5].MESSAGE_BLOCK[5][189]_i_16/O
                         net (fo=7, routed)           0.913    12.819    design_1_i/top_0/inst/msg_block_gen[5].MESSAGE_BLOCK[5][189]_i_16_n_0
    SLICE_X25Y68         LUT5 (Prop_lut5_I2_O)        0.354    13.173 r  design_1_i/top_0/inst/msg_block_gen[5].MESSAGE_BLOCK[5][189]_i_19/O
                         net (fo=7, routed)           0.443    13.615    design_1_i/top_0/inst/msg_block_gen[5].MESSAGE_BLOCK[5][189]_i_19_n_0
    SLICE_X25Y68         LUT5 (Prop_lut5_I2_O)        0.332    13.947 r  design_1_i/top_0/inst/msg_block_gen[5].MESSAGE_BLOCK[5][176]_i_8/O
                         net (fo=6, routed)           0.564    14.512    design_1_i/top_0/inst/msg_block_gen[5].MESSAGE_BLOCK[5][176]_i_8_n_0
    SLICE_X25Y65         LUT5 (Prop_lut5_I2_O)        0.124    14.636 r  design_1_i/top_0/inst/msg_block_gen[5].MESSAGE_BLOCK[5][176]_i_7/O
                         net (fo=9, routed)           0.543    15.179    design_1_i/top_0/inst/msg_block_gen[5].MESSAGE_BLOCK[5][176]_i_7_n_0
    SLICE_X24Y65         LUT5 (Prop_lut5_I2_O)        0.124    15.303 r  design_1_i/top_0/inst/msg_block_gen[5].MESSAGE_BLOCK[5][184]_i_7/O
                         net (fo=7, routed)           0.448    15.750    design_1_i/top_0/inst/msg_block_gen[5].MESSAGE_BLOCK[5][184]_i_7_n_0
    SLICE_X22Y65         LUT5 (Prop_lut5_I2_O)        0.117    15.867 r  design_1_i/top_0/inst/msg_block_gen[5].MESSAGE_BLOCK[5][189]_i_7/O
                         net (fo=7, routed)           0.517    16.384    design_1_i/top_0/inst/msg_block_gen[5].MESSAGE_BLOCK[5][189]_i_7_n_0
    SLICE_X24Y65         LUT6 (Prop_lut6_I3_O)        0.332    16.716 f  design_1_i/top_0/inst/msg_block_gen[5].MESSAGE_BLOCK[5][189]_i_2/O
                         net (fo=60, routed)          0.528    17.244    design_1_i/top_0/inst/msg_block_gen[5].MESSAGE_BLOCK[5][189]_i_2_n_0
    SLICE_X24Y68         LUT3 (Prop_lut3_I2_O)        0.124    17.368 r  design_1_i/top_0/inst/msg_block_gen[5].MESSAGE_BLOCK[5][189]_i_3/O
                         net (fo=55, routed)          1.160    18.528    design_1_i/top_0/inst/msg_block_gen[5].MESSAGE_BLOCK[5][189]_i_3_n_0
    SLICE_X24Y65         LUT6 (Prop_lut6_I0_O)        0.124    18.652 r  design_1_i/top_0/inst/msg_block_gen[5].MESSAGE_BLOCK[5][131]_i_3/O
                         net (fo=30, routed)          0.930    19.582    design_1_i/top_0/inst/msg_block_gen[5].MESSAGE_BLOCK[5][131]_i_3_n_0
    SLICE_X20Y63         LUT4 (Prop_lut4_I1_O)        0.124    19.706 r  design_1_i/top_0/inst/msg_block_gen[5].MESSAGE_BLOCK[5][178]_i_3/O
                         net (fo=1, routed)           0.000    19.706    design_1_i/top_0/inst/msg_block_gen[5].MESSAGE_BLOCK[5][178]_i_3_n_0
    SLICE_X20Y63         MUXF7 (Prop_muxf7_I1_O)      0.214    19.920 r  design_1_i/top_0/inst/msg_block_gen[5].MESSAGE_BLOCK_reg[5][178]_i_1/O
                         net (fo=1, routed)           0.000    19.920    design_1_i/top_0/inst/msg_block_gen[5].pad[178]
    SLICE_X20Y63         FDRE                                         r  design_1_i/top_0/inst/msg_block_gen[5].MESSAGE_BLOCK_reg[5][178]/D
  -------------------------------------------------------------------    -------------------

                         (clock clk_fpga_0 rise edge)
                                                     20.000    20.000 r  
    PS7_X0Y0             PS7                          0.000    20.000 r  design_1_i/processing_system7_0/inst/PS7_i/FCLKCLK[0]
                         net (fo=1, routed)           1.101    21.101    design_1_i/processing_system7_0/inst/FCLK_CLK_unbuffered[0]
    BUFGCTRL_X0Y0        BUFG (Prop_bufg_I_O)         0.091    21.192 r  design_1_i/processing_system7_0/inst/buffer_fclk_clk_0.FCLK_CLK_0_BUFG/O
                         net (fo=20210, routed)       1.484    22.676    design_1_i/top_0/inst/clk
    SLICE_X20Y63         FDRE                                         r  design_1_i/top_0/inst/msg_block_gen[5].MESSAGE_BLOCK_reg[5][178]/C
                         clock pessimism              0.130    22.806    
                         clock uncertainty           -0.302    22.504    
    SLICE_X20Y63         FDRE (Setup_fdre_C_D)        0.113    22.617    design_1_i/top_0/inst/msg_block_gen[5].MESSAGE_BLOCK_reg[5][178]
  -------------------------------------------------------------------
                         required time                         22.617    
                         arrival time                         -19.920    
  -------------------------------------------------------------------
                         slack                                  2.697    

Slack (MET) :             2.710ns  (required time - arrival time)
  Source:                 design_1_i/top_0/inst/nonce_bcd_0_reg[1]/C
                            (rising edge-triggered cell FDRE clocked by clk_fpga_0  {rise@0.000ns fall@10.000ns period=20.000ns})
  Destination:            design_1_i/top_0/inst/msg_block_gen[5].MESSAGE_BLOCK_reg[5][186]/D
                            (rising edge-triggered cell FDRE clocked by clk_fpga_0  {rise@0.000ns fall@10.000ns period=20.000ns})
  Path Group:             clk_fpga_0
  Path Type:              Setup (Max at Slow Process Corner)
  Requirement:            20.000ns  (clk_fpga_0 rise@20.000ns - clk_fpga_0 rise@0.000ns)
  Data Path Delay:        16.861ns  (logic 3.309ns (19.625%)  route 13.552ns (80.375%))
  Logic Levels:           13  (LUT3=1 LUT4=2 LUT5=7 LUT6=2 MUXF7=1)
  Clock Path Skew:        -0.239ns (DCD - SCD + CPR)
    Destination Clock Delay (DCD):    2.677ns = ( 22.677 - 20.000 ) 
    Source Clock Delay      (SCD):    3.046ns
    Clock Pessimism Removal (CPR):    0.130ns
  Clock Uncertainty:      0.302ns  ((TSJ^2 + TIJ^2)^1/2 + DJ) / 2 + PE
    Total System Jitter     (TSJ):    0.071ns
    Total Input Jitter      (TIJ):    0.600ns
    Discrete Jitter          (DJ):    0.000ns
    Phase Error              (PE):    0.000ns

    Location             Delay type                Incr(ns)  Path(ns)    Netlist Resource(s)
  -------------------------------------------------------------------    -------------------
                         (clock clk_fpga_0 rise edge)
                                                      0.000     0.000 r  
    PS7_X0Y0             PS7                          0.000     0.000 r  design_1_i/processing_system7_0/inst/PS7_i/FCLKCLK[0]
                         net (fo=1, routed)           1.207     1.207    design_1_i/processing_system7_0/inst/FCLK_CLK_unbuffered[0]
    BUFGCTRL_X0Y0        BUFG (Prop_bufg_I_O)         0.101     1.308 r  design_1_i/processing_system7_0/inst/buffer_fclk_clk_0.FCLK_CLK_0_BUFG/O
                         net (fo=20210, routed)       1.738     3.046    design_1_i/top_0/inst/clk
    SLICE_X42Y64         FDRE                                         r  design_1_i/top_0/inst/nonce_bcd_0_reg[1]/C
  -------------------------------------------------------------------    -------------------
    SLICE_X42Y64         FDRE (Prop_fdre_C_Q)         0.518     3.564 r  design_1_i/top_0/inst/nonce_bcd_0_reg[1]/Q
                         net (fo=105, routed)         3.999     7.563    design_1_i/top_0/inst/nonce_bcd_0_reg_n_0_[1]
    SLICE_X25Y7          LUT4 (Prop_lut4_I1_O)        0.152     7.715 r  design_1_i/top_0/inst/msg_block_gen[15].MESSAGE_BLOCK[15][131]_i_5/O
                         net (fo=12, routed)          2.881    10.596    design_1_i/top_0/inst/msg_block_gen[15].MESSAGE_BLOCK[15][131]_i_5_n_0
    SLICE_X25Y67         LUT5 (Prop_lut5_I2_O)        0.352    10.948 r  design_1_i/top_0/inst/msg_block_gen[5].MESSAGE_BLOCK[5][189]_i_21/O
                         net (fo=6, routed)           0.640    11.588    design_1_i/top_0/inst/msg_block_gen[5].MESSAGE_BLOCK[5][189]_i_21_n_0
    SLICE_X24Y68         LUT5 (Prop_lut5_I2_O)        0.318    11.906 r  design_1_i/top_0/inst/msg_block_gen[5].MESSAGE_BLOCK[5][189]_i_16/O
                         net (fo=7, routed)           0.913    12.819    design_1_i/top_0/inst/msg_block_gen[5].MESSAGE_BLOCK[5][189]_i_16_n_0
    SLICE_X25Y68         LUT5 (Prop_lut5_I2_O)        0.354    13.173 r  design_1_i/top_0/inst/msg_block_gen[5].MESSAGE_BLOCK[5][189]_i_19/O
                         net (fo=7, routed)           0.443    13.615    design_1_i/top_0/inst/msg_block_gen[5].MESSAGE_BLOCK[5][189]_i_19_n_0
    SLICE_X25Y68         LUT5 (Prop_lut5_I2_O)        0.332    13.947 r  design_1_i/top_0/inst/msg_block_gen[5].MESSAGE_BLOCK[5][176]_i_8/O
                         net (fo=6, routed)           0.564    14.512    design_1_i/top_0/inst/msg_block_gen[5].MESSAGE_BLOCK[5][176]_i_8_n_0
    SLICE_X25Y65         LUT5 (Prop_lut5_I2_O)        0.124    14.636 r  design_1_i/top_0/inst/msg_block_gen[5].MESSAGE_BLOCK[5][176]_i_7/O
                         net (fo=9, routed)           0.543    15.179    design_1_i/top_0/inst/msg_block_gen[5].MESSAGE_BLOCK[5][176]_i_7_n_0
    SLICE_X24Y65         LUT5 (Prop_lut5_I2_O)        0.124    15.303 r  design_1_i/top_0/inst/msg_block_gen[5].MESSAGE_BLOCK[5][184]_i_7/O
                         net (fo=7, routed)           0.448    15.750    design_1_i/top_0/inst/msg_block_gen[5].MESSAGE_BLOCK[5][184]_i_7_n_0
    SLICE_X22Y65         LUT5 (Prop_lut5_I2_O)        0.117    15.867 r  design_1_i/top_0/inst/msg_block_gen[5].MESSAGE_BLOCK[5][189]_i_7/O
                         net (fo=7, routed)           0.517    16.384    design_1_i/top_0/inst/msg_block_gen[5].MESSAGE_BLOCK[5][189]_i_7_n_0
    SLICE_X24Y65         LUT6 (Prop_lut6_I3_O)        0.332    16.716 f  design_1_i/top_0/inst/msg_block_gen[5].MESSAGE_BLOCK[5][189]_i_2/O
                         net (fo=60, routed)          0.528    17.244    design_1_i/top_0/inst/msg_block_gen[5].MESSAGE_BLOCK[5][189]_i_2_n_0
    SLICE_X24Y68         LUT3 (Prop_lut3_I2_O)        0.124    17.368 r  design_1_i/top_0/inst/msg_block_gen[5].MESSAGE_BLOCK[5][189]_i_3/O
                         net (fo=55, routed)          1.160    18.528    design_1_i/top_0/inst/msg_block_gen[5].MESSAGE_BLOCK[5][189]_i_3_n_0
    SLICE_X24Y65         LUT6 (Prop_lut6_I0_O)        0.124    18.652 r  design_1_i/top_0/inst/msg_block_gen[5].MESSAGE_BLOCK[5][131]_i_3/O
                         net (fo=30, routed)          0.917    19.569    design_1_i/top_0/inst/msg_block_gen[5].MESSAGE_BLOCK[5][131]_i_3_n_0
    SLICE_X20Y62         LUT4 (Prop_lut4_I1_O)        0.124    19.693 r  design_1_i/top_0/inst/msg_block_gen[5].MESSAGE_BLOCK[5][186]_i_3/O
                         net (fo=1, routed)           0.000    19.693    design_1_i/top_0/inst/msg_block_gen[5].MESSAGE_BLOCK[5][186]_i_3_n_0
    SLICE_X20Y62         MUXF7 (Prop_muxf7_I1_O)      0.214    19.907 r  design_1_i/top_0/inst/msg_block_gen[5].MESSAGE_BLOCK_reg[5][186]_i_1/O
                         net (fo=1, routed)           0.000    19.907    design_1_i/top_0/inst/msg_block_gen[5].pad[186]
    SLICE_X20Y62         FDRE                                         r  design_1_i/top_0/inst/msg_block_gen[5].MESSAGE_BLOCK_reg[5][186]/D
  -------------------------------------------------------------------    -------------------

                         (clock clk_fpga_0 rise edge)
                                                     20.000    20.000 r  
    PS7_X0Y0             PS7                          0.000    20.000 r  design_1_i/processing_system7_0/inst/PS7_i/FCLKCLK[0]
                         net (fo=1, routed)           1.101    21.101    design_1_i/processing_system7_0/inst/FCLK_CLK_unbuffered[0]
    BUFGCTRL_X0Y0        BUFG (Prop_bufg_I_O)         0.091    21.192 r  design_1_i/processing_system7_0/inst/buffer_fclk_clk_0.FCLK_CLK_0_BUFG/O
                         net (fo=20210, routed)       1.485    22.677    design_1_i/top_0/inst/clk
    SLICE_X20Y62         FDRE                                         r  design_1_i/top_0/inst/msg_block_gen[5].MESSAGE_BLOCK_reg[5][186]/C
                         clock pessimism              0.130    22.807    
                         clock uncertainty           -0.302    22.505    
    SLICE_X20Y62         FDRE (Setup_fdre_C_D)        0.113    22.618    design_1_i/top_0/inst/msg_block_gen[5].MESSAGE_BLOCK_reg[5][186]
  -------------------------------------------------------------------
                         required time                         22.618    
                         arrival time                         -19.907    
  -------------------------------------------------------------------
                         slack                                  2.710    

Slack (MET) :             2.734ns  (required time - arrival time)
  Source:                 design_1_i/top_0/inst/nonce_bcd_0_reg[1]/C
                            (rising edge-triggered cell FDRE clocked by clk_fpga_0  {rise@0.000ns fall@10.000ns period=20.000ns})
  Destination:            design_1_i/top_0/inst/msg_block_gen[5].MESSAGE_BLOCK_reg[5][145]/D
                            (rising edge-triggered cell FDRE clocked by clk_fpga_0  {rise@0.000ns fall@10.000ns period=20.000ns})
  Path Group:             clk_fpga_0
  Path Type:              Setup (Max at Slow Process Corner)
  Requirement:            20.000ns  (clk_fpga_0 rise@20.000ns - clk_fpga_0 rise@0.000ns)
  Data Path Delay:        16.787ns  (logic 3.312ns (19.730%)  route 13.475ns (80.270%))
  Logic Levels:           13  (LUT3=1 LUT4=2 LUT5=7 LUT6=2 MUXF7=1)
  Clock Path Skew:        -0.241ns (DCD - SCD + CPR)
    Destination Clock Delay (DCD):    2.675ns = ( 22.675 - 20.000 ) 
    Source Clock Delay      (SCD):    3.046ns
    Clock Pessimism Removal (CPR):    0.130ns
  Clock Uncertainty:      0.302ns  ((TSJ^2 + TIJ^2)^1/2 + DJ) / 2 + PE
    Total System Jitter     (TSJ):    0.071ns
    Total Input Jitter      (TIJ):    0.600ns
    Discrete Jitter          (DJ):    0.000ns
    Phase Error              (PE):    0.000ns

    Location             Delay type                Incr(ns)  Path(ns)    Netlist Resource(s)
  -------------------------------------------------------------------    -------------------
                         (clock clk_fpga_0 rise edge)
                                                      0.000     0.000 r  
    PS7_X0Y0             PS7                          0.000     0.000 r  design_1_i/processing_system7_0/inst/PS7_i/FCLKCLK[0]
                         net (fo=1, routed)           1.207     1.207    design_1_i/processing_system7_0/inst/FCLK_CLK_unbuffered[0]
    BUFGCTRL_X0Y0        BUFG (Prop_bufg_I_O)         0.101     1.308 r  design_1_i/processing_system7_0/inst/buffer_fclk_clk_0.FCLK_CLK_0_BUFG/O
                         net (fo=20210, routed)       1.738     3.046    design_1_i/top_0/inst/clk
    SLICE_X42Y64         FDRE                                         r  design_1_i/top_0/inst/nonce_bcd_0_reg[1]/C
  -------------------------------------------------------------------    -------------------
    SLICE_X42Y64         FDRE (Prop_fdre_C_Q)         0.518     3.564 r  design_1_i/top_0/inst/nonce_bcd_0_reg[1]/Q
                         net (fo=105, routed)         3.999     7.563    design_1_i/top_0/inst/nonce_bcd_0_reg_n_0_[1]
    SLICE_X25Y7          LUT4 (Prop_lut4_I1_O)        0.152     7.715 r  design_1_i/top_0/inst/msg_block_gen[15].MESSAGE_BLOCK[15][131]_i_5/O
                         net (fo=12, routed)          2.881    10.596    design_1_i/top_0/inst/msg_block_gen[15].MESSAGE_BLOCK[15][131]_i_5_n_0
    SLICE_X25Y67         LUT5 (Prop_lut5_I2_O)        0.352    10.948 r  design_1_i/top_0/inst/msg_block_gen[5].MESSAGE_BLOCK[5][189]_i_21/O
                         net (fo=6, routed)           0.640    11.588    design_1_i/top_0/inst/msg_block_gen[5].MESSAGE_BLOCK[5][189]_i_21_n_0
    SLICE_X24Y68         LUT5 (Prop_lut5_I2_O)        0.318    11.906 r  design_1_i/top_0/inst/msg_block_gen[5].MESSAGE_BLOCK[5][189]_i_16/O
                         net (fo=7, routed)           0.913    12.819    design_1_i/top_0/inst/msg_block_gen[5].MESSAGE_BLOCK[5][189]_i_16_n_0
    SLICE_X25Y68         LUT5 (Prop_lut5_I2_O)        0.354    13.173 r  design_1_i/top_0/inst/msg_block_gen[5].MESSAGE_BLOCK[5][189]_i_19/O
                         net (fo=7, routed)           0.443    13.615    design_1_i/top_0/inst/msg_block_gen[5].MESSAGE_BLOCK[5][189]_i_19_n_0
    SLICE_X25Y68         LUT5 (Prop_lut5_I2_O)        0.332    13.947 r  design_1_i/top_0/inst/msg_block_gen[5].MESSAGE_BLOCK[5][176]_i_8/O
                         net (fo=6, routed)           0.564    14.512    design_1_i/top_0/inst/msg_block_gen[5].MESSAGE_BLOCK[5][176]_i_8_n_0
    SLICE_X25Y65         LUT5 (Prop_lut5_I2_O)        0.124    14.636 r  design_1_i/top_0/inst/msg_block_gen[5].MESSAGE_BLOCK[5][176]_i_7/O
                         net (fo=9, routed)           0.543    15.179    design_1_i/top_0/inst/msg_block_gen[5].MESSAGE_BLOCK[5][176]_i_7_n_0
    SLICE_X24Y65         LUT5 (Prop_lut5_I2_O)        0.124    15.303 r  design_1_i/top_0/inst/msg_block_gen[5].MESSAGE_BLOCK[5][184]_i_7/O
                         net (fo=7, routed)           0.448    15.750    design_1_i/top_0/inst/msg_block_gen[5].MESSAGE_BLOCK[5][184]_i_7_n_0
    SLICE_X22Y65         LUT5 (Prop_lut5_I2_O)        0.117    15.867 r  design_1_i/top_0/inst/msg_block_gen[5].MESSAGE_BLOCK[5][189]_i_7/O
                         net (fo=7, routed)           0.517    16.384    design_1_i/top_0/inst/msg_block_gen[5].MESSAGE_BLOCK[5][189]_i_7_n_0
    SLICE_X24Y65         LUT6 (Prop_lut6_I3_O)        0.332    16.716 f  design_1_i/top_0/inst/msg_block_gen[5].MESSAGE_BLOCK[5][189]_i_2/O
                         net (fo=60, routed)          0.528    17.244    design_1_i/top_0/inst/msg_block_gen[5].MESSAGE_BLOCK[5][189]_i_2_n_0
    SLICE_X24Y68         LUT3 (Prop_lut3_I2_O)        0.124    17.368 r  design_1_i/top_0/inst/msg_block_gen[5].MESSAGE_BLOCK[5][189]_i_3/O
                         net (fo=55, routed)          1.160    18.528    design_1_i/top_0/inst/msg_block_gen[5].MESSAGE_BLOCK[5][189]_i_3_n_0
    SLICE_X24Y65         LUT6 (Prop_lut6_I0_O)        0.124    18.652 r  design_1_i/top_0/inst/msg_block_gen[5].MESSAGE_BLOCK[5][131]_i_3/O
                         net (fo=30, routed)          0.840    19.492    design_1_i/top_0/inst/msg_block_gen[5].MESSAGE_BLOCK[5][131]_i_3_n_0
    SLICE_X21Y65         LUT4 (Prop_lut4_I1_O)        0.124    19.616 r  design_1_i/top_0/inst/msg_block_gen[5].MESSAGE_BLOCK[5][145]_i_3/O
                         net (fo=1, routed)           0.000    19.616    design_1_i/top_0/inst/msg_block_gen[5].MESSAGE_BLOCK[5][145]_i_3_n_0
    SLICE_X21Y65         MUXF7 (Prop_muxf7_I1_O)      0.217    19.833 r  design_1_i/top_0/inst/msg_block_gen[5].MESSAGE_BLOCK_reg[5][145]_i_1/O
                         net (fo=1, routed)           0.000    19.833    design_1_i/top_0/inst/msg_block_gen[5].pad[145]
    SLICE_X21Y65         FDRE                                         r  design_1_i/top_0/inst/msg_block_gen[5].MESSAGE_BLOCK_reg[5][145]/D
  -------------------------------------------------------------------    -------------------

                         (clock clk_fpga_0 rise edge)
                                                     20.000    20.000 r  
    PS7_X0Y0             PS7                          0.000    20.000 r  design_1_i/processing_system7_0/inst/PS7_i/FCLKCLK[0]
                         net (fo=1, routed)           1.101    21.101    design_1_i/processing_system7_0/inst/FCLK_CLK_unbuffered[0]
    BUFGCTRL_X0Y0        BUFG (Prop_bufg_I_O)         0.091    21.192 r  design_1_i/processing_system7_0/inst/buffer_fclk_clk_0.FCLK_CLK_0_BUFG/O
                         net (fo=20210, routed)       1.483    22.675    design_1_i/top_0/inst/clk
    SLICE_X21Y65         FDRE                                         r  design_1_i/top_0/inst/msg_block_gen[5].MESSAGE_BLOCK_reg[5][145]/C
                         clock pessimism              0.130    22.805    
                         clock uncertainty           -0.302    22.503    
    SLICE_X21Y65         FDRE (Setup_fdre_C_D)        0.064    22.567    design_1_i/top_0/inst/msg_block_gen[5].MESSAGE_BLOCK_reg[5][145]
  -------------------------------------------------------------------
                         required time                         22.567    
                         arrival time                         -19.833    
  -------------------------------------------------------------------
                         slack                                  2.734    

Slack (MET) :             2.737ns  (required time - arrival time)
  Source:                 design_1_i/top_0/inst/nonce_bcd_0_reg[1]/C
                            (rising edge-triggered cell FDRE clocked by clk_fpga_0  {rise@0.000ns fall@10.000ns period=20.000ns})
  Destination:            design_1_i/top_0/inst/msg_block_gen[5].MESSAGE_BLOCK_reg[5][163]/D
                            (rising edge-triggered cell FDRE clocked by clk_fpga_0  {rise@0.000ns fall@10.000ns period=20.000ns})
  Path Group:             clk_fpga_0
  Path Type:              Setup (Max at Slow Process Corner)
  Requirement:            20.000ns  (clk_fpga_0 rise@20.000ns - clk_fpga_0 rise@0.000ns)
  Data Path Delay:        16.784ns  (logic 3.307ns (19.703%)  route 13.477ns (80.297%))
  Logic Levels:           13  (LUT4=2 LUT5=9 LUT6=1 MUXF7=1)
  Clock Path Skew:        -0.240ns (DCD - SCD + CPR)
    Destination Clock Delay (DCD):    2.676ns = ( 22.676 - 20.000 ) 
    Source Clock Delay      (SCD):    3.046ns
    Clock Pessimism Removal (CPR):    0.130ns
  Clock Uncertainty:      0.302ns  ((TSJ^2 + TIJ^2)^1/2 + DJ) / 2 + PE
    Total System Jitter     (TSJ):    0.071ns
    Total Input Jitter      (TIJ):    0.600ns
    Discrete Jitter          (DJ):    0.000ns
    Phase Error              (PE):    0.000ns

    Location             Delay type                Incr(ns)  Path(ns)    Netlist Resource(s)
  -------------------------------------------------------------------    -------------------
                         (clock clk_fpga_0 rise edge)
                                                      0.000     0.000 r  
    PS7_X0Y0             PS7                          0.000     0.000 r  design_1_i/processing_system7_0/inst/PS7_i/FCLKCLK[0]
                         net (fo=1, routed)           1.207     1.207    design_1_i/processing_system7_0/inst/FCLK_CLK_unbuffered[0]
    BUFGCTRL_X0Y0        BUFG (Prop_bufg_I_O)         0.101     1.308 r  design_1_i/processing_system7_0/inst/buffer_fclk_clk_0.FCLK_CLK_0_BUFG/O
                         net (fo=20210, routed)       1.738     3.046    design_1_i/top_0/inst/clk
    SLICE_X42Y64         FDRE                                         r  design_1_i/top_0/inst/nonce_bcd_0_reg[1]/C
  -------------------------------------------------------------------    -------------------
    SLICE_X42Y64         FDRE (Prop_fdre_C_Q)         0.518     3.564 r  design_1_i/top_0/inst/nonce_bcd_0_reg[1]/Q
                         net (fo=105, routed)         3.999     7.563    design_1_i/top_0/inst/nonce_bcd_0_reg_n_0_[1]
    SLICE_X25Y7          LUT4 (Prop_lut4_I1_O)        0.152     7.715 r  design_1_i/top_0/inst/msg_block_gen[15].MESSAGE_BLOCK[15][131]_i_5/O
                         net (fo=12, routed)          2.881    10.596    design_1_i/top_0/inst/msg_block_gen[15].MESSAGE_BLOCK[15][131]_i_5_n_0
    SLICE_X25Y67         LUT5 (Prop_lut5_I2_O)        0.352    10.948 r  design_1_i/top_0/inst/msg_block_gen[5].MESSAGE_BLOCK[5][189]_i_21/O
                         net (fo=6, routed)           0.640    11.588    design_1_i/top_0/inst/msg_block_gen[5].MESSAGE_BLOCK[5][189]_i_21_n_0
    SLICE_X24Y68         LUT5 (Prop_lut5_I2_O)        0.318    11.906 r  design_1_i/top_0/inst/msg_block_gen[5].MESSAGE_BLOCK[5][189]_i_16/O
                         net (fo=7, routed)           0.913    12.819    design_1_i/top_0/inst/msg_block_gen[5].MESSAGE_BLOCK[5][189]_i_16_n_0
    SLICE_X25Y68         LUT5 (Prop_lut5_I2_O)        0.354    13.173 r  design_1_i/top_0/inst/msg_block_gen[5].MESSAGE_BLOCK[5][189]_i_19/O
                         net (fo=7, routed)           0.443    13.615    design_1_i/top_0/inst/msg_block_gen[5].MESSAGE_BLOCK[5][189]_i_19_n_0
    SLICE_X25Y68         LUT5 (Prop_lut5_I2_O)        0.332    13.947 r  design_1_i/top_0/inst/msg_block_gen[5].MESSAGE_BLOCK[5][176]_i_8/O
                         net (fo=6, routed)           0.564    14.512    design_1_i/top_0/inst/msg_block_gen[5].MESSAGE_BLOCK[5][176]_i_8_n_0
    SLICE_X25Y65         LUT5 (Prop_lut5_I2_O)        0.124    14.636 r  design_1_i/top_0/inst/msg_block_gen[5].MESSAGE_BLOCK[5][176]_i_7/O
                         net (fo=9, routed)           0.543    15.179    design_1_i/top_0/inst/msg_block_gen[5].MESSAGE_BLOCK[5][176]_i_7_n_0
    SLICE_X24Y65         LUT5 (Prop_lut5_I2_O)        0.124    15.303 r  design_1_i/top_0/inst/msg_block_gen[5].MESSAGE_BLOCK[5][184]_i_7/O
                         net (fo=7, routed)           0.448    15.750    design_1_i/top_0/inst/msg_block_gen[5].MESSAGE_BLOCK[5][184]_i_7_n_0
    SLICE_X22Y65         LUT5 (Prop_lut5_I2_O)        0.117    15.867 r  design_1_i/top_0/inst/msg_block_gen[5].MESSAGE_BLOCK[5][189]_i_7/O
                         net (fo=7, routed)           0.665    16.532    design_1_i/top_0/inst/msg_block_gen[5].MESSAGE_BLOCK[5][189]_i_7_n_0
    SLICE_X21Y62         LUT5 (Prop_lut5_I2_O)        0.332    16.864 r  design_1_i/top_0/inst/msg_block_gen[5].MESSAGE_BLOCK[5][131]_i_5/O
                         net (fo=25, routed)          0.739    17.603    design_1_i/top_0/inst/msg_block_gen[5].MESSAGE_BLOCK[5][131]_i_5_n_0
    SLICE_X24Y65         LUT4 (Prop_lut4_I3_O)        0.124    17.727 f  design_1_i/top_0/inst/msg_block_gen[5].MESSAGE_BLOCK[5][189]_i_10/O
                         net (fo=14, routed)          0.617    18.345    design_1_i/top_0/inst/msg_block_gen[5].MESSAGE_BLOCK[5][189]_i_10_n_0
    SLICE_X25Y68         LUT5 (Prop_lut5_I0_O)        0.124    18.469 r  design_1_i/top_0/inst/msg_block_gen[5].MESSAGE_BLOCK[5][189]_i_4/O
                         net (fo=33, routed)          1.026    19.494    design_1_i/top_0/inst/msg_block_gen[5].MESSAGE_BLOCK[5][189]_i_4_n_0
    SLICE_X21Y64         LUT6 (Prop_lut6_I2_O)        0.124    19.618 r  design_1_i/top_0/inst/msg_block_gen[5].MESSAGE_BLOCK[5][163]_i_2/O
                         net (fo=1, routed)           0.000    19.618    design_1_i/top_0/inst/msg_block_gen[5].MESSAGE_BLOCK[5][163]_i_2_n_0
    SLICE_X21Y64         MUXF7 (Prop_muxf7_I0_O)      0.212    19.830 r  design_1_i/top_0/inst/msg_block_gen[5].MESSAGE_BLOCK_reg[5][163]_i_1/O
                         net (fo=1, routed)           0.000    19.830    design_1_i/top_0/inst/msg_block_gen[5].pad[163]
    SLICE_X21Y64         FDRE                                         r  design_1_i/top_0/inst/msg_block_gen[5].MESSAGE_BLOCK_reg[5][163]/D
  -------------------------------------------------------------------    -------------------

                         (clock clk_fpga_0 rise edge)
                                                     20.000    20.000 r  
    PS7_X0Y0             PS7                          0.000    20.000 r  design_1_i/processing_system7_0/inst/PS7_i/FCLKCLK[0]
                         net (fo=1, routed)           1.101    21.101    design_1_i/processing_system7_0/inst/FCLK_CLK_unbuffered[0]
    BUFGCTRL_X0Y0        BUFG (Prop_bufg_I_O)         0.091    21.192 r  design_1_i/processing_system7_0/inst/buffer_fclk_clk_0.FCLK_CLK_0_BUFG/O
                         net (fo=20210, routed)       1.484    22.676    design_1_i/top_0/inst/clk
    SLICE_X21Y64         FDRE                                         r  design_1_i/top_0/inst/msg_block_gen[5].MESSAGE_BLOCK_reg[5][163]/C
                         clock pessimism              0.130    22.806    
                         clock uncertainty           -0.302    22.504    
    SLICE_X21Y64         FDRE (Setup_fdre_C_D)        0.064    22.568    design_1_i/top_0/inst/msg_block_gen[5].MESSAGE_BLOCK_reg[5][163]
  -------------------------------------------------------------------
                         required time                         22.568    
                         arrival time                         -19.830    
  -------------------------------------------------------------------
                         slack                                  2.737    





Min Delay Paths
--------------------------------------------------------------------------------------
Slack (MET) :             0.028ns  (arrival time - required time)
  Source:                 design_1_i/top_0/inst/sha1_loop[5].sha1_inst/H3_reg_reg[22]/C
                            (rising edge-triggered cell FDCE clocked by clk_fpga_0  {rise@0.000ns fall@10.000ns period=20.000ns})
  Destination:            design_1_i/top_0/inst/sha1_digest_reg_reg[5][54]/D
                            (rising edge-triggered cell FDRE clocked by clk_fpga_0  {rise@0.000ns fall@10.000ns period=20.000ns})
  Path Group:             clk_fpga_0
  Path Type:              Hold (Min at Fast Process Corner)
  Requirement:            0.000ns  (clk_fpga_0 rise@0.000ns - clk_fpga_0 rise@0.000ns)
  Data Path Delay:        0.352ns  (logic 0.141ns (40.111%)  route 0.211ns (59.889%))
  Logic Levels:           0  
  Clock Path Skew:        0.263ns (DCD - SCD - CPR)
    Destination Clock Delay (DCD):    1.192ns
    Source Clock Delay      (SCD):    0.895ns
    Clock Pessimism Removal (CPR):    0.034ns

    Location             Delay type                Incr(ns)  Path(ns)    Netlist Resource(s)
  -------------------------------------------------------------------    -------------------
                         (clock clk_fpga_0 rise edge)
                                                      0.000     0.000 r  
    PS7_X0Y0             PS7                          0.000     0.000 r  design_1_i/processing_system7_0/inst/PS7_i/FCLKCLK[0]
                         net (fo=1, routed)           0.315     0.315    design_1_i/processing_system7_0/inst/FCLK_CLK_unbuffered[0]
    BUFGCTRL_X0Y0        BUFG (Prop_bufg_I_O)         0.026     0.341 r  design_1_i/processing_system7_0/inst/buffer_fclk_clk_0.FCLK_CLK_0_BUFG/O
                         net (fo=20210, routed)       0.554     0.895    design_1_i/top_0/inst/sha1_loop[5].sha1_inst/clk
    SLICE_X21Y85         FDCE                                         r  design_1_i/top_0/inst/sha1_loop[5].sha1_inst/H3_reg_reg[22]/C
  -------------------------------------------------------------------    -------------------
    SLICE_X21Y85         FDCE (Prop_fdce_C_Q)         0.141     1.036 r  design_1_i/top_0/inst/sha1_loop[5].sha1_inst/H3_reg_reg[22]/Q
                         net (fo=2, routed)           0.211     1.246    design_1_i/top_0/inst/sha1_digest[5]_168[54]
    SLICE_X22Y85         FDRE                                         r  design_1_i/top_0/inst/sha1_digest_reg_reg[5][54]/D
  -------------------------------------------------------------------    -------------------

                         (clock clk_fpga_0 rise edge)
                                                      0.000     0.000 r  
    PS7_X0Y0             PS7                          0.000     0.000 r  design_1_i/processing_system7_0/inst/PS7_i/FCLKCLK[0]
                         net (fo=1, routed)           0.341     0.341    design_1_i/processing_system7_0/inst/FCLK_CLK_unbuffered[0]
    BUFGCTRL_X0Y0        BUFG (Prop_bufg_I_O)         0.029     0.370 r  design_1_i/processing_system7_0/inst/buffer_fclk_clk_0.FCLK_CLK_0_BUFG/O
                         net (fo=20210, routed)       0.822     1.192    design_1_i/top_0/inst/clk
    SLICE_X22Y85         FDRE                                         r  design_1_i/top_0/inst/sha1_digest_reg_reg[5][54]/C
                         clock pessimism             -0.034     1.158    
    SLICE_X22Y85         FDRE (Hold_fdre_C_D)         0.060     1.218    design_1_i/top_0/inst/sha1_digest_reg_reg[5][54]
  -------------------------------------------------------------------
                         required time                         -1.218    
                         arrival time                           1.246    
  -------------------------------------------------------------------
                         slack                                  0.028    

Slack (MET) :             0.029ns  (arrival time - required time)
  Source:                 design_1_i/top_0/inst/sha1_loop[7].sha1_inst/a_reg_reg[24]/C
                            (rising edge-triggered cell FDCE clocked by clk_fpga_0  {rise@0.000ns fall@10.000ns period=20.000ns})
  Destination:            design_1_i/top_0/inst/sha1_loop[7].sha1_inst/b_reg_reg[24]/D
                            (rising edge-triggered cell FDCE clocked by clk_fpga_0  {rise@0.000ns fall@10.000ns period=20.000ns})
  Path Group:             clk_fpga_0
  Path Type:              Hold (Min at Fast Process Corner)
  Requirement:            0.000ns  (clk_fpga_0 rise@0.000ns - clk_fpga_0 rise@0.000ns)
  Data Path Delay:        0.388ns  (logic 0.186ns (47.978%)  route 0.202ns (52.022%))
  Logic Levels:           1  (LUT3=1)
  Clock Path Skew:        0.266ns (DCD - SCD - CPR)
    Destination Clock Delay (DCD):    1.200ns
    Source Clock Delay      (SCD):    0.900ns
    Clock Pessimism Removal (CPR):    0.034ns

    Location             Delay type                Incr(ns)  Path(ns)    Netlist Resource(s)
  -------------------------------------------------------------------    -------------------
                         (clock clk_fpga_0 rise edge)
                                                      0.000     0.000 r  
    PS7_X0Y0             PS7                          0.000     0.000 r  design_1_i/processing_system7_0/inst/PS7_i/FCLKCLK[0]
                         net (fo=1, routed)           0.315     0.315    design_1_i/processing_system7_0/inst/FCLK_CLK_unbuffered[0]
    BUFGCTRL_X0Y0        BUFG (Prop_bufg_I_O)         0.026     0.341 r  design_1_i/processing_system7_0/inst/buffer_fclk_clk_0.FCLK_CLK_0_BUFG/O
                         net (fo=20210, routed)       0.559     0.900    design_1_i/top_0/inst/sha1_loop[7].sha1_inst/clk
    SLICE_X23Y41         FDCE                                         r  design_1_i/top_0/inst/sha1_loop[7].sha1_inst/a_reg_reg[24]/C
  -------------------------------------------------------------------    -------------------
    SLICE_X23Y41         FDCE (Prop_fdce_C_Q)         0.141     1.041 r  design_1_i/top_0/inst/sha1_loop[7].sha1_inst/a_reg_reg[24]/Q
                         net (fo=4, routed)           0.202     1.242    design_1_i/top_0/inst/sha1_loop[7].sha1_inst/A[11]
    SLICE_X21Y43         LUT3 (Prop_lut3_I0_O)        0.045     1.287 r  design_1_i/top_0/inst/sha1_loop[7].sha1_inst/b_reg[24]_i_1__16/O
                         net (fo=1, routed)           0.000     1.287    design_1_i/top_0/inst/sha1_loop[7].sha1_inst/b_new[24]
    SLICE_X21Y43         FDCE                                         r  design_1_i/top_0/inst/sha1_loop[7].sha1_inst/b_reg_reg[24]/D
  -------------------------------------------------------------------    -------------------

                         (clock clk_fpga_0 rise edge)
                                                      0.000     0.000 r  
    PS7_X0Y0             PS7                          0.000     0.000 r  design_1_i/processing_system7_0/inst/PS7_i/FCLKCLK[0]
                         net (fo=1, routed)           0.341     0.341    design_1_i/processing_system7_0/inst/FCLK_CLK_unbuffered[0]
    BUFGCTRL_X0Y0        BUFG (Prop_bufg_I_O)         0.029     0.370 r  design_1_i/processing_system7_0/inst/buffer_fclk_clk_0.FCLK_CLK_0_BUFG/O
                         net (fo=20210, routed)       0.830     1.200    design_1_i/top_0/inst/sha1_loop[7].sha1_inst/clk
    SLICE_X21Y43         FDCE                                         r  design_1_i/top_0/inst/sha1_loop[7].sha1_inst/b_reg_reg[24]/C
                         clock pessimism             -0.034     1.166    
    SLICE_X21Y43         FDCE (Hold_fdce_C_D)         0.092     1.258    design_1_i/top_0/inst/sha1_loop[7].sha1_inst/b_reg_reg[24]
  -------------------------------------------------------------------
                         required time                         -1.258    
                         arrival time                           1.287    
  -------------------------------------------------------------------
                         slack                                  0.029    

Slack (MET) :             0.033ns  (arrival time - required time)
  Source:                 design_1_i/top_0/inst/sha1_loop[7].sha1_inst/a_reg_reg[27]/C
                            (rising edge-triggered cell FDCE clocked by clk_fpga_0  {rise@0.000ns fall@10.000ns period=20.000ns})
  Destination:            design_1_i/top_0/inst/sha1_loop[7].sha1_inst/b_reg_reg[27]/D
                            (rising edge-triggered cell FDCE clocked by clk_fpga_0  {rise@0.000ns fall@10.000ns period=20.000ns})
  Path Group:             clk_fpga_0
  Path Type:              Hold (Min at Fast Process Corner)
  Requirement:            0.000ns  (clk_fpga_0 rise@0.000ns - clk_fpga_0 rise@0.000ns)
  Data Path Delay:        0.392ns  (logic 0.186ns (47.492%)  route 0.206ns (52.508%))
  Logic Levels:           1  (LUT3=1)
  Clock Path Skew:        0.266ns (DCD - SCD - CPR)
    Destination Clock Delay (DCD):    1.199ns
    Source Clock Delay      (SCD):    0.899ns
    Clock Pessimism Removal (CPR):    0.034ns

    Location             Delay type                Incr(ns)  Path(ns)    Netlist Resource(s)
  -------------------------------------------------------------------    -------------------
                         (clock clk_fpga_0 rise edge)
                                                      0.000     0.000 r  
    PS7_X0Y0             PS7                          0.000     0.000 r  design_1_i/processing_system7_0/inst/PS7_i/FCLKCLK[0]
                         net (fo=1, routed)           0.315     0.315    design_1_i/processing_system7_0/inst/FCLK_CLK_unbuffered[0]
    BUFGCTRL_X0Y0        BUFG (Prop_bufg_I_O)         0.026     0.341 r  design_1_i/processing_system7_0/inst/buffer_fclk_clk_0.FCLK_CLK_0_BUFG/O
                         net (fo=20210, routed)       0.558     0.899    design_1_i/top_0/inst/sha1_loop[7].sha1_inst/clk
    SLICE_X23Y38         FDCE                                         r  design_1_i/top_0/inst/sha1_loop[7].sha1_inst/a_reg_reg[27]/C
  -------------------------------------------------------------------    -------------------
    SLICE_X23Y38         FDCE (Prop_fdce_C_Q)         0.141     1.039 r  design_1_i/top_0/inst/sha1_loop[7].sha1_inst/a_reg_reg[27]/Q
                         net (fo=4, routed)           0.206     1.245    design_1_i/top_0/inst/sha1_loop[7].sha1_inst/a_reg_reg_n_0_[27]
    SLICE_X21Y40         LUT3 (Prop_lut3_I0_O)        0.045     1.290 r  design_1_i/top_0/inst/sha1_loop[7].sha1_inst/b_reg[27]_i_1__16/O
                         net (fo=1, routed)           0.000     1.290    design_1_i/top_0/inst/sha1_loop[7].sha1_inst/b_new[27]
    SLICE_X21Y40         FDCE                                         r  design_1_i/top_0/inst/sha1_loop[7].sha1_inst/b_reg_reg[27]/D
  -------------------------------------------------------------------    -------------------

                         (clock clk_fpga_0 rise edge)
                                                      0.000     0.000 r  
    PS7_X0Y0             PS7                          0.000     0.000 r  design_1_i/processing_system7_0/inst/PS7_i/FCLKCLK[0]
                         net (fo=1, routed)           0.341     0.341    design_1_i/processing_system7_0/inst/FCLK_CLK_unbuffered[0]
    BUFGCTRL_X0Y0        BUFG (Prop_bufg_I_O)         0.029     0.370 r  design_1_i/processing_system7_0/inst/buffer_fclk_clk_0.FCLK_CLK_0_BUFG/O
                         net (fo=20210, routed)       0.829     1.199    design_1_i/top_0/inst/sha1_loop[7].sha1_inst/clk
    SLICE_X21Y40         FDCE                                         r  design_1_i/top_0/inst/sha1_loop[7].sha1_inst/b_reg_reg[27]/C
                         clock pessimism             -0.034     1.165    
    SLICE_X21Y40         FDCE (Hold_fdce_C_D)         0.092     1.257    design_1_i/top_0/inst/sha1_loop[7].sha1_inst/b_reg_reg[27]
  -------------------------------------------------------------------
                         required time                         -1.257    
                         arrival time                           1.290    
  -------------------------------------------------------------------
                         slack                                  0.033    

Slack (MET) :             0.036ns  (arrival time - required time)
  Source:                 design_1_i/top_0/inst/msg_block_gen[16].MESSAGE_BLOCK_reg[16][170]/C
                            (rising edge-triggered cell FDRE clocked by clk_fpga_0  {rise@0.000ns fall@10.000ns period=20.000ns})
  Destination:            design_1_i/top_0/inst/sha1_loop[16].sha1_inst/w_mem_inst/w_mem_reg[10][10]/D
                            (rising edge-triggered cell FDCE clocked by clk_fpga_0  {rise@0.000ns fall@10.000ns period=20.000ns})
  Path Group:             clk_fpga_0
  Path Type:              Hold (Min at Fast Process Corner)
  Requirement:            0.000ns  (clk_fpga_0 rise@0.000ns - clk_fpga_0 rise@0.000ns)
  Data Path Delay:        0.391ns  (logic 0.186ns (47.518%)  route 0.205ns (52.482%))
  Logic Levels:           1  (LUT3=1)
  Clock Path Skew:        0.263ns (DCD - SCD - CPR)
    Destination Clock Delay (DCD):    1.188ns
    Source Clock Delay      (SCD):    0.891ns
    Clock Pessimism Removal (CPR):    0.034ns

    Location             Delay type                Incr(ns)  Path(ns)    Netlist Resource(s)
  -------------------------------------------------------------------    -------------------
                         (clock clk_fpga_0 rise edge)
                                                      0.000     0.000 r  
    PS7_X0Y0             PS7                          0.000     0.000 r  design_1_i/processing_system7_0/inst/PS7_i/FCLKCLK[0]
                         net (fo=1, routed)           0.315     0.315    design_1_i/processing_system7_0/inst/FCLK_CLK_unbuffered[0]
    BUFGCTRL_X0Y0        BUFG (Prop_bufg_I_O)         0.026     0.341 r  design_1_i/processing_system7_0/inst/buffer_fclk_clk_0.FCLK_CLK_0_BUFG/O
                         net (fo=20210, routed)       0.550     0.891    design_1_i/top_0/inst/clk
    SLICE_X22Y22         FDRE                                         r  design_1_i/top_0/inst/msg_block_gen[16].MESSAGE_BLOCK_reg[16][170]/C
  -------------------------------------------------------------------    -------------------
    SLICE_X22Y22         FDRE (Prop_fdre_C_Q)         0.141     1.031 r  design_1_i/top_0/inst/msg_block_gen[16].MESSAGE_BLOCK_reg[16][170]/Q
                         net (fo=1, routed)           0.205     1.237    design_1_i/top_0/inst/sha1_loop[16].sha1_inst/w_mem_inst/msg_block_gen[16].MESSAGE_BLOCK_reg[16][189][43]
    SLICE_X19Y22         LUT3 (Prop_lut3_I0_O)        0.045     1.282 r  design_1_i/top_0/inst/sha1_loop[16].sha1_inst/w_mem_inst/w_mem[10][10]_i_1__3/O
                         net (fo=1, routed)           0.000     1.282    design_1_i/top_0/inst/sha1_loop[16].sha1_inst/w_mem_inst/w_mem[10][10]_i_1__3_n_0
    SLICE_X19Y22         FDCE                                         r  design_1_i/top_0/inst/sha1_loop[16].sha1_inst/w_mem_inst/w_mem_reg[10][10]/D
  -------------------------------------------------------------------    -------------------

                         (clock clk_fpga_0 rise edge)
                                                      0.000     0.000 r  
    PS7_X0Y0             PS7                          0.000     0.000 r  design_1_i/processing_system7_0/inst/PS7_i/FCLKCLK[0]
                         net (fo=1, routed)           0.341     0.341    design_1_i/processing_system7_0/inst/FCLK_CLK_unbuffered[0]
    BUFGCTRL_X0Y0        BUFG (Prop_bufg_I_O)         0.029     0.370 r  design_1_i/processing_system7_0/inst/buffer_fclk_clk_0.FCLK_CLK_0_BUFG/O
                         net (fo=20210, routed)       0.818     1.188    design_1_i/top_0/inst/sha1_loop[16].sha1_inst/w_mem_inst/clk
    SLICE_X19Y22         FDCE                                         r  design_1_i/top_0/inst/sha1_loop[16].sha1_inst/w_mem_inst/w_mem_reg[10][10]/C
                         clock pessimism             -0.034     1.154    
    SLICE_X19Y22         FDCE (Hold_fdce_C_D)         0.092     1.246    design_1_i/top_0/inst/sha1_loop[16].sha1_inst/w_mem_inst/w_mem_reg[10][10]
  -------------------------------------------------------------------
                         required time                         -1.246    
                         arrival time                           1.282    
  -------------------------------------------------------------------
                         slack                                  0.036    

Slack (MET) :             0.039ns  (arrival time - required time)
  Source:                 design_1_i/top_0/inst/sha1_loop[5].sha1_inst/H3_reg_reg[17]/C
                            (rising edge-triggered cell FDCE clocked by clk_fpga_0  {rise@0.000ns fall@10.000ns period=20.000ns})
  Destination:            design_1_i/top_0/inst/sha1_digest_reg_reg[5][49]/D
                            (rising edge-triggered cell FDRE clocked by clk_fpga_0  {rise@0.000ns fall@10.000ns period=20.000ns})
  Path Group:             clk_fpga_0
  Path Type:              Hold (Min at Fast Process Corner)
  Requirement:            0.000ns  (clk_fpga_0 rise@0.000ns - clk_fpga_0 rise@0.000ns)
  Data Path Delay:        0.363ns  (logic 0.141ns (38.811%)  route 0.222ns (61.189%))
  Logic Levels:           0  
  Clock Path Skew:        0.258ns (DCD - SCD - CPR)
    Destination Clock Delay (DCD):    1.187ns
    Source Clock Delay      (SCD):    0.895ns
    Clock Pessimism Removal (CPR):    0.034ns

    Location             Delay type                Incr(ns)  Path(ns)    Netlist Resource(s)
  -------------------------------------------------------------------    -------------------
                         (clock clk_fpga_0 rise edge)
                                                      0.000     0.000 r  
    PS7_X0Y0             PS7                          0.000     0.000 r  design_1_i/processing_system7_0/inst/PS7_i/FCLKCLK[0]
                         net (fo=1, routed)           0.315     0.315    design_1_i/processing_system7_0/inst/FCLK_CLK_unbuffered[0]
    BUFGCTRL_X0Y0        BUFG (Prop_bufg_I_O)         0.026     0.341 r  design_1_i/processing_system7_0/inst/buffer_fclk_clk_0.FCLK_CLK_0_BUFG/O
                         net (fo=20210, routed)       0.554     0.895    design_1_i/top_0/inst/sha1_loop[5].sha1_inst/clk
    SLICE_X21Y84         FDCE                                         r  design_1_i/top_0/inst/sha1_loop[5].sha1_inst/H3_reg_reg[17]/C
  -------------------------------------------------------------------    -------------------
    SLICE_X21Y84         FDCE (Prop_fdce_C_Q)         0.141     1.036 r  design_1_i/top_0/inst/sha1_loop[5].sha1_inst/H3_reg_reg[17]/Q
                         net (fo=2, routed)           0.222     1.258    design_1_i/top_0/inst/sha1_digest[5]_168[49]
    SLICE_X22Y80         FDRE                                         r  design_1_i/top_0/inst/sha1_digest_reg_reg[5][49]/D
  -------------------------------------------------------------------    -------------------

                         (clock clk_fpga_0 rise edge)
                                                      0.000     0.000 r  
    PS7_X0Y0             PS7                          0.000     0.000 r  design_1_i/processing_system7_0/inst/PS7_i/FCLKCLK[0]
                         net (fo=1, routed)           0.341     0.341    design_1_i/processing_system7_0/inst/FCLK_CLK_unbuffered[0]
    BUFGCTRL_X0Y0        BUFG (Prop_bufg_I_O)         0.029     0.370 r  design_1_i/processing_system7_0/inst/buffer_fclk_clk_0.FCLK_CLK_0_BUFG/O
                         net (fo=20210, routed)       0.817     1.187    design_1_i/top_0/inst/clk
    SLICE_X22Y80         FDRE                                         r  design_1_i/top_0/inst/sha1_digest_reg_reg[5][49]/C
                         clock pessimism             -0.034     1.153    
    SLICE_X22Y80         FDRE (Hold_fdre_C_D)         0.066     1.219    design_1_i/top_0/inst/sha1_digest_reg_reg[5][49]
  -------------------------------------------------------------------
                         required time                         -1.219    
                         arrival time                           1.258    
  -------------------------------------------------------------------
                         slack                                  0.039    

Slack (MET) :             0.044ns  (arrival time - required time)
  Source:                 design_1_i/top_0/inst/sha1_loop[17].sha1_inst/H3_reg_reg[23]/C
                            (rising edge-triggered cell FDCE clocked by clk_fpga_0  {rise@0.000ns fall@10.000ns period=20.000ns})
  Destination:            design_1_i/top_0/inst/sha1_digest_reg_reg[17][55]/D
                            (rising edge-triggered cell FDRE clocked by clk_fpga_0  {rise@0.000ns fall@10.000ns period=20.000ns})
  Path Group:             clk_fpga_0
  Path Type:              Hold (Min at Fast Process Corner)
  Requirement:            0.000ns  (clk_fpga_0 rise@0.000ns - clk_fpga_0 rise@0.000ns)
  Data Path Delay:        0.372ns  (logic 0.141ns (37.924%)  route 0.231ns (62.076%))
  Logic Levels:           0  
  Clock Path Skew:        0.257ns (DCD - SCD - CPR)
    Destination Clock Delay (DCD):    1.190ns
    Source Clock Delay      (SCD):    0.899ns
    Clock Pessimism Removal (CPR):    0.034ns

    Location             Delay type                Incr(ns)  Path(ns)    Netlist Resource(s)
  -------------------------------------------------------------------    -------------------
                         (clock clk_fpga_0 rise edge)
                                                      0.000     0.000 r  
    PS7_X0Y0             PS7                          0.000     0.000 r  design_1_i/processing_system7_0/inst/PS7_i/FCLKCLK[0]
                         net (fo=1, routed)           0.315     0.315    design_1_i/processing_system7_0/inst/FCLK_CLK_unbuffered[0]
    BUFGCTRL_X0Y0        BUFG (Prop_bufg_I_O)         0.026     0.341 r  design_1_i/processing_system7_0/inst/buffer_fclk_clk_0.FCLK_CLK_0_BUFG/O
                         net (fo=20210, routed)       0.558     0.899    design_1_i/top_0/inst/sha1_loop[17].sha1_inst/clk
    SLICE_X19Y33         FDCE                                         r  design_1_i/top_0/inst/sha1_loop[17].sha1_inst/H3_reg_reg[23]/C
  -------------------------------------------------------------------    -------------------
    SLICE_X19Y33         FDCE (Prop_fdce_C_Q)         0.141     1.039 r  design_1_i/top_0/inst/sha1_loop[17].sha1_inst/H3_reg_reg[23]/Q
                         net (fo=2, routed)           0.231     1.270    design_1_i/top_0/inst/sha1_digest[17]_207[55]
    SLICE_X22Y32         FDRE                                         r  design_1_i/top_0/inst/sha1_digest_reg_reg[17][55]/D
  -------------------------------------------------------------------    -------------------

                         (clock clk_fpga_0 rise edge)
                                                      0.000     0.000 r  
    PS7_X0Y0             PS7                          0.000     0.000 r  design_1_i/processing_system7_0/inst/PS7_i/FCLKCLK[0]
                         net (fo=1, routed)           0.341     0.341    design_1_i/processing_system7_0/inst/FCLK_CLK_unbuffered[0]
    BUFGCTRL_X0Y0        BUFG (Prop_bufg_I_O)         0.029     0.370 r  design_1_i/processing_system7_0/inst/buffer_fclk_clk_0.FCLK_CLK_0_BUFG/O
                         net (fo=20210, routed)       0.820     1.190    design_1_i/top_0/inst/clk
    SLICE_X22Y32         FDRE                                         r  design_1_i/top_0/inst/sha1_digest_reg_reg[17][55]/C
                         clock pessimism             -0.034     1.156    
    SLICE_X22Y32         FDRE (Hold_fdre_C_D)         0.070     1.226    design_1_i/top_0/inst/sha1_digest_reg_reg[17][55]
  -------------------------------------------------------------------
                         required time                         -1.226    
                         arrival time                           1.270    
  -------------------------------------------------------------------
                         slack                                  0.044    

Slack (MET) :             0.046ns  (arrival time - required time)
  Source:                 design_1_i/top_0/inst/sha1_loop[15].sha1_inst/H3_reg_reg[31]/C
                            (rising edge-triggered cell FDCE clocked by clk_fpga_0  {rise@0.000ns fall@10.000ns period=20.000ns})
  Destination:            design_1_i/top_0/inst/sha1_digest_reg_reg[15][63]/D
                            (rising edge-triggered cell FDRE clocked by clk_fpga_0  {rise@0.000ns fall@10.000ns period=20.000ns})
  Path Group:             clk_fpga_0
  Path Type:              Hold (Min at Fast Process Corner)
  Requirement:            0.000ns  (clk_fpga_0 rise@0.000ns - clk_fpga_0 rise@0.000ns)
  Data Path Delay:        0.391ns  (logic 0.141ns (36.046%)  route 0.250ns (63.954%))
  Logic Levels:           0  
  Clock Path Skew:        0.269ns (DCD - SCD - CPR)
    Destination Clock Delay (DCD):    1.201ns
    Source Clock Delay      (SCD):    0.903ns
    Clock Pessimism Removal (CPR):    0.029ns

    Location             Delay type                Incr(ns)  Path(ns)    Netlist Resource(s)
  -------------------------------------------------------------------    -------------------
                         (clock clk_fpga_0 rise edge)
                                                      0.000     0.000 r  
    PS7_X0Y0             PS7                          0.000     0.000 r  design_1_i/processing_system7_0/inst/PS7_i/FCLKCLK[0]
                         net (fo=1, routed)           0.315     0.315    design_1_i/processing_system7_0/inst/FCLK_CLK_unbuffered[0]
    BUFGCTRL_X0Y0        BUFG (Prop_bufg_I_O)         0.026     0.341 r  design_1_i/processing_system7_0/inst/buffer_fclk_clk_0.FCLK_CLK_0_BUFG/O
                         net (fo=20210, routed)       0.562     0.903    design_1_i/top_0/inst/sha1_loop[15].sha1_inst/clk
    SLICE_X15Y51         FDCE                                         r  design_1_i/top_0/inst/sha1_loop[15].sha1_inst/H3_reg_reg[31]/C
  -------------------------------------------------------------------    -------------------
    SLICE_X15Y51         FDCE (Prop_fdce_C_Q)         0.141     1.044 r  design_1_i/top_0/inst/sha1_loop[15].sha1_inst/H3_reg_reg[31]/Q
                         net (fo=2, routed)           0.250     1.294    design_1_i/top_0/inst/sha1_digest[15]_194[63]
    SLICE_X16Y46         FDRE                                         r  design_1_i/top_0/inst/sha1_digest_reg_reg[15][63]/D
  -------------------------------------------------------------------    -------------------

                         (clock clk_fpga_0 rise edge)
                                                      0.000     0.000 r  
    PS7_X0Y0             PS7                          0.000     0.000 r  design_1_i/processing_system7_0/inst/PS7_i/FCLKCLK[0]
                         net (fo=1, routed)           0.341     0.341    design_1_i/processing_system7_0/inst/FCLK_CLK_unbuffered[0]
    BUFGCTRL_X0Y0        BUFG (Prop_bufg_I_O)         0.029     0.370 r  design_1_i/processing_system7_0/inst/buffer_fclk_clk_0.FCLK_CLK_0_BUFG/O
                         net (fo=20210, routed)       0.831     1.201    design_1_i/top_0/inst/clk
    SLICE_X16Y46         FDRE                                         r  design_1_i/top_0/inst/sha1_digest_reg_reg[15][63]/C
                         clock pessimism             -0.029     1.172    
    SLICE_X16Y46         FDRE (Hold_fdre_C_D)         0.076     1.248    design_1_i/top_0/inst/sha1_digest_reg_reg[15][63]
  -------------------------------------------------------------------
                         required time                         -1.248    
                         arrival time                           1.294    
  -------------------------------------------------------------------
                         slack                                  0.046    

Slack (MET) :             0.046ns  (arrival time - required time)
  Source:                 design_1_i/top_0/inst/sha1_loop[10].sha1_inst/w_mem_inst/w_mem_reg[10][25]/C
                            (rising edge-triggered cell FDCE clocked by clk_fpga_0  {rise@0.000ns fall@10.000ns period=20.000ns})
  Destination:            design_1_i/top_0/inst/sha1_loop[10].sha1_inst/w_mem_inst/w_mem_reg[9][25]/D
                            (rising edge-triggered cell FDCE clocked by clk_fpga_0  {rise@0.000ns fall@10.000ns period=20.000ns})
  Path Group:             clk_fpga_0
  Path Type:              Hold (Min at Fast Process Corner)
  Requirement:            0.000ns  (clk_fpga_0 rise@0.000ns - clk_fpga_0 rise@0.000ns)
  Data Path Delay:        0.407ns  (logic 0.186ns (45.648%)  route 0.221ns (54.352%))
  Logic Levels:           1  (LUT3=1)
  Clock Path Skew:        0.270ns (DCD - SCD - CPR)
    Destination Clock Delay (DCD):    1.202ns
    Source Clock Delay      (SCD):    0.903ns
    Clock Pessimism Removal (CPR):    0.029ns

    Location             Delay type                Incr(ns)  Path(ns)    Netlist Resource(s)
  -------------------------------------------------------------------    -------------------
                         (clock clk_fpga_0 rise edge)
                                                      0.000     0.000 r  
    PS7_X0Y0             PS7                          0.000     0.000 r  design_1_i/processing_system7_0/inst/PS7_i/FCLKCLK[0]
                         net (fo=1, routed)           0.315     0.315    design_1_i/processing_system7_0/inst/FCLK_CLK_unbuffered[0]
    BUFGCTRL_X0Y0        BUFG (Prop_bufg_I_O)         0.026     0.341 r  design_1_i/processing_system7_0/inst/buffer_fclk_clk_0.FCLK_CLK_0_BUFG/O
                         net (fo=20210, routed)       0.562     0.903    design_1_i/top_0/inst/sha1_loop[10].sha1_inst/w_mem_inst/clk
    SLICE_X33Y51         FDCE                                         r  design_1_i/top_0/inst/sha1_loop[10].sha1_inst/w_mem_inst/w_mem_reg[10][25]/C
  -------------------------------------------------------------------    -------------------
    SLICE_X33Y51         FDCE (Prop_fdce_C_Q)         0.141     1.044 r  design_1_i/top_0/inst/sha1_loop[10].sha1_inst/w_mem_inst/w_mem_reg[10][25]/Q
                         net (fo=1, routed)           0.221     1.265    design_1_i/top_0/inst/sha1_loop[10].sha1_inst/w_mem_inst/w_mem_reg[10]_173[25]
    SLICE_X31Y49         LUT3 (Prop_lut3_I2_O)        0.045     1.310 r  design_1_i/top_0/inst/sha1_loop[10].sha1_inst/w_mem_inst/w_mem[9][25]_i_1__12/O
                         net (fo=1, routed)           0.000     1.310    design_1_i/top_0/inst/sha1_loop[10].sha1_inst/w_mem_inst/w_mem[9][25]_i_1__12_n_0
    SLICE_X31Y49         FDCE                                         r  design_1_i/top_0/inst/sha1_loop[10].sha1_inst/w_mem_inst/w_mem_reg[9][25]/D
  -------------------------------------------------------------------    -------------------

                         (clock clk_fpga_0 rise edge)
                                                      0.000     0.000 r  
    PS7_X0Y0             PS7                          0.000     0.000 r  design_1_i/processing_system7_0/inst/PS7_i/FCLKCLK[0]
                         net (fo=1, routed)           0.341     0.341    design_1_i/processing_system7_0/inst/FCLK_CLK_unbuffered[0]
    BUFGCTRL_X0Y0        BUFG (Prop_bufg_I_O)         0.029     0.370 r  design_1_i/processing_system7_0/inst/buffer_fclk_clk_0.FCLK_CLK_0_BUFG/O
                         net (fo=20210, routed)       0.832     1.202    design_1_i/top_0/inst/sha1_loop[10].sha1_inst/w_mem_inst/clk
    SLICE_X31Y49         FDCE                                         r  design_1_i/top_0/inst/sha1_loop[10].sha1_inst/w_mem_inst/w_mem_reg[9][25]/C
                         clock pessimism             -0.029     1.173    
    SLICE_X31Y49         FDCE (Hold_fdce_C_D)         0.091     1.264    design_1_i/top_0/inst/sha1_loop[10].sha1_inst/w_mem_inst/w_mem_reg[9][25]
  -------------------------------------------------------------------
                         required time                         -1.264    
                         arrival time                           1.310    
  -------------------------------------------------------------------
                         slack                                  0.046    

Slack (MET) :             0.048ns  (arrival time - required time)
  Source:                 design_1_i/top_0/inst/sha1_loop[15].sha1_inst/H1_reg_reg[16]/C
                            (rising edge-triggered cell FDCE clocked by clk_fpga_0  {rise@0.000ns fall@10.000ns period=20.000ns})
  Destination:            design_1_i/top_0/inst/sha1_digest_reg_reg[15][112]/D
                            (rising edge-triggered cell FDRE clocked by clk_fpga_0  {rise@0.000ns fall@10.000ns period=20.000ns})
  Path Group:             clk_fpga_0
  Path Type:              Hold (Min at Fast Process Corner)
  Requirement:            0.000ns  (clk_fpga_0 rise@0.000ns - clk_fpga_0 rise@0.000ns)
  Data Path Delay:        0.379ns  (logic 0.141ns (37.205%)  route 0.238ns (62.795%))
  Logic Levels:           0  
  Clock Path Skew:        0.261ns (DCD - SCD - CPR)
    Destination Clock Delay (DCD):    1.198ns
    Source Clock Delay      (SCD):    0.903ns
    Clock Pessimism Removal (CPR):    0.034ns

    Location             Delay type                Incr(ns)  Path(ns)    Netlist Resource(s)
  -------------------------------------------------------------------    -------------------
                         (clock clk_fpga_0 rise edge)
                                                      0.000     0.000 r  
    PS7_X0Y0             PS7                          0.000     0.000 r  design_1_i/processing_system7_0/inst/PS7_i/FCLKCLK[0]
                         net (fo=1, routed)           0.315     0.315    design_1_i/processing_system7_0/inst/FCLK_CLK_unbuffered[0]
    BUFGCTRL_X0Y0        BUFG (Prop_bufg_I_O)         0.026     0.341 r  design_1_i/processing_system7_0/inst/buffer_fclk_clk_0.FCLK_CLK_0_BUFG/O
                         net (fo=20210, routed)       0.562     0.903    design_1_i/top_0/inst/sha1_loop[15].sha1_inst/clk
    SLICE_X19Y50         FDCE                                         r  design_1_i/top_0/inst/sha1_loop[15].sha1_inst/H1_reg_reg[16]/C
  -------------------------------------------------------------------    -------------------
    SLICE_X19Y50         FDCE (Prop_fdce_C_Q)         0.141     1.044 r  design_1_i/top_0/inst/sha1_loop[15].sha1_inst/H1_reg_reg[16]/Q
                         net (fo=2, routed)           0.238     1.282    design_1_i/top_0/inst/sha1_digest[15]_194[112]
    SLICE_X22Y50         FDRE                                         r  design_1_i/top_0/inst/sha1_digest_reg_reg[15][112]/D
  -------------------------------------------------------------------    -------------------

                         (clock clk_fpga_0 rise edge)
                                                      0.000     0.000 r  
    PS7_X0Y0             PS7                          0.000     0.000 r  design_1_i/processing_system7_0/inst/PS7_i/FCLKCLK[0]
                         net (fo=1, routed)           0.341     0.341    design_1_i/processing_system7_0/inst/FCLK_CLK_unbuffered[0]
    BUFGCTRL_X0Y0        BUFG (Prop_bufg_I_O)         0.029     0.370 r  design_1_i/processing_system7_0/inst/buffer_fclk_clk_0.FCLK_CLK_0_BUFG/O
                         net (fo=20210, routed)       0.828     1.198    design_1_i/top_0/inst/clk
    SLICE_X22Y50         FDRE                                         r  design_1_i/top_0/inst/sha1_digest_reg_reg[15][112]/C
                         clock pessimism             -0.034     1.164    
    SLICE_X22Y50         FDRE (Hold_fdre_C_D)         0.070     1.234    design_1_i/top_0/inst/sha1_digest_reg_reg[15][112]
  -------------------------------------------------------------------
                         required time                         -1.234    
                         arrival time                           1.282    
  -------------------------------------------------------------------
                         slack                                  0.048    

Slack (MET) :             0.048ns  (arrival time - required time)
  Source:                 design_1_i/top_0/inst/msg_block_gen[10].MESSAGE_BLOCK_reg[10][125]/C
                            (rising edge-triggered cell FDRE clocked by clk_fpga_0  {rise@0.000ns fall@10.000ns period=20.000ns})
  Destination:            design_1_i/top_0/inst/sha1_loop[10].sha1_inst/w_mem_inst/w_mem_reg[12][29]/D
                            (rising edge-triggered cell FDCE clocked by clk_fpga_0  {rise@0.000ns fall@10.000ns period=20.000ns})
  Path Group:             clk_fpga_0
  Path Type:              Hold (Min at Fast Process Corner)
  Requirement:            0.000ns  (clk_fpga_0 rise@0.000ns - clk_fpga_0 rise@0.000ns)
  Data Path Delay:        0.423ns  (logic 0.213ns (50.372%)  route 0.210ns (49.628%))
  Logic Levels:           1  (LUT3=1)
  Clock Path Skew:        0.267ns (DCD - SCD - CPR)
    Destination Clock Delay (DCD):    1.201ns
    Source Clock Delay      (SCD):    0.905ns
    Clock Pessimism Removal (CPR):    0.029ns

    Location             Delay type                Incr(ns)  Path(ns)    Netlist Resource(s)
  -------------------------------------------------------------------    -------------------
                         (clock clk_fpga_0 rise edge)
                                                      0.000     0.000 r  
    PS7_X0Y0             PS7                          0.000     0.000 r  design_1_i/processing_system7_0/inst/PS7_i/FCLKCLK[0]
                         net (fo=1, routed)           0.315     0.315    design_1_i/processing_system7_0/inst/FCLK_CLK_unbuffered[0]
    BUFGCTRL_X0Y0        BUFG (Prop_bufg_I_O)         0.026     0.341 r  design_1_i/processing_system7_0/inst/buffer_fclk_clk_0.FCLK_CLK_0_BUFG/O
                         net (fo=20210, routed)       0.564     0.905    design_1_i/top_0/inst/clk
    SLICE_X30Y49         FDRE                                         r  design_1_i/top_0/inst/msg_block_gen[10].MESSAGE_BLOCK_reg[10][125]/C
  -------------------------------------------------------------------    -------------------
    SLICE_X30Y49         FDRE (Prop_fdre_C_Q)         0.164     1.069 r  design_1_i/top_0/inst/msg_block_gen[10].MESSAGE_BLOCK_reg[10][125]/Q
                         net (fo=3, routed)           0.210     1.278    design_1_i/top_0/inst/sha1_loop[10].sha1_inst/w_mem_inst/msg_block_gen[10].MESSAGE_BLOCK_reg[10][9]
    SLICE_X26Y50         LUT3 (Prop_lut3_I0_O)        0.049     1.327 r  design_1_i/top_0/inst/sha1_loop[10].sha1_inst/w_mem_inst/w_mem[12][29]_i_1__12/O
                         net (fo=1, routed)           0.000     1.327    design_1_i/top_0/inst/sha1_loop[10].sha1_inst/w_mem_inst/w_mem[12][29]_i_1__12_n_0
    SLICE_X26Y50         FDCE                                         r  design_1_i/top_0/inst/sha1_loop[10].sha1_inst/w_mem_inst/w_mem_reg[12][29]/D
  -------------------------------------------------------------------    -------------------

                         (clock clk_fpga_0 rise edge)
                                                      0.000     0.000 r  
    PS7_X0Y0             PS7                          0.000     0.000 r  design_1_i/processing_system7_0/inst/PS7_i/FCLKCLK[0]
                         net (fo=1, routed)           0.341     0.341    design_1_i/processing_system7_0/inst/FCLK_CLK_unbuffered[0]
    BUFGCTRL_X0Y0        BUFG (Prop_bufg_I_O)         0.029     0.370 r  design_1_i/processing_system7_0/inst/buffer_fclk_clk_0.FCLK_CLK_0_BUFG/O
                         net (fo=20210, routed)       0.831     1.201    design_1_i/top_0/inst/sha1_loop[10].sha1_inst/w_mem_inst/clk
    SLICE_X26Y50         FDCE                                         r  design_1_i/top_0/inst/sha1_loop[10].sha1_inst/w_mem_inst/w_mem_reg[12][29]/C
                         clock pessimism             -0.029     1.172    
    SLICE_X26Y50         FDCE (Hold_fdce_C_D)         0.107     1.279    design_1_i/top_0/inst/sha1_loop[10].sha1_inst/w_mem_inst/w_mem_reg[12][29]
  -------------------------------------------------------------------
                         required time                         -1.279    
                         arrival time                           1.327    
  -------------------------------------------------------------------
                         slack                                  0.048    





Pulse Width Checks
--------------------------------------------------------------------------------------
Clock Name:         clk_fpga_0
Waveform(ns):       { 0.000 10.000 }
Period(ns):         20.000
Sources:            { design_1_i/processing_system7_0/inst/PS7_i/FCLKCLK[0] }

Check Type        Corner  Lib Pin  Reference Pin  Required(ns)  Actual(ns)  Slack(ns)  Location       Pin
Min Period        n/a     BUFG/I   n/a            2.155         20.000      17.845     BUFGCTRL_X0Y0  design_1_i/processing_system7_0/inst/buffer_fclk_clk_0.FCLK_CLK_0_BUFG/I
Min Period        n/a     FDCE/C   n/a            1.000         20.000      19.000     SLICE_X32Y85   design_1_i/top_0/inst/sha1_loop[0].sha1_inst/a_reg_reg[0]/C
Min Period        n/a     FDCE/C   n/a            1.000         20.000      19.000     SLICE_X40Y91   design_1_i/top_0/inst/sha1_loop[0].sha1_inst/a_reg_reg[10]/C
Min Period        n/a     FDCE/C   n/a            1.000         20.000      19.000     SLICE_X40Y91   design_1_i/top_0/inst/sha1_loop[0].sha1_inst/a_reg_reg[11]/C
Min Period        n/a     FDCE/C   n/a            1.000         20.000      19.000     SLICE_X35Y88   design_1_i/top_0/inst/sha1_loop[0].sha1_inst/a_reg_reg[12]/C
Min Period        n/a     FDCE/C   n/a            1.000         20.000      19.000     SLICE_X35Y87   design_1_i/top_0/inst/sha1_loop[0].sha1_inst/a_reg_reg[13]/C
Min Period        n/a     FDCE/C   n/a            1.000         20.000      19.000     SLICE_X32Y86   design_1_i/top_0/inst/sha1_loop[0].sha1_inst/a_reg_reg[14]/C
Min Period        n/a     FDCE/C   n/a            1.000         20.000      19.000     SLICE_X42Y88   design_1_i/top_0/inst/sha1_loop[0].sha1_inst/a_reg_reg[15]/C
Min Period        n/a     FDCE/C   n/a            1.000         20.000      19.000     SLICE_X35Y88   design_1_i/top_0/inst/sha1_loop[0].sha1_inst/a_reg_reg[16]/C
Min Period        n/a     FDCE/C   n/a            1.000         20.000      19.000     SLICE_X35Y88   design_1_i/top_0/inst/sha1_loop[0].sha1_inst/a_reg_reg[17]/C
Low Pulse Width   Slow    FDCE/C   n/a            0.500         10.000      9.500      SLICE_X32Y85   design_1_i/top_0/inst/sha1_loop[0].sha1_inst/a_reg_reg[0]/C
Low Pulse Width   Slow    FDCE/C   n/a            0.500         10.000      9.500      SLICE_X40Y91   design_1_i/top_0/inst/sha1_loop[0].sha1_inst/a_reg_reg[10]/C
Low Pulse Width   Fast    FDCE/C   n/a            0.500         10.000      9.500      SLICE_X40Y91   design_1_i/top_0/inst/sha1_loop[0].sha1_inst/a_reg_reg[10]/C
Low Pulse Width   Slow    FDCE/C   n/a            0.500         10.000      9.500      SLICE_X40Y91   design_1_i/top_0/inst/sha1_loop[0].sha1_inst/a_reg_reg[11]/C
Low Pulse Width   Fast    FDCE/C   n/a            0.500         10.000      9.500      SLICE_X40Y91   design_1_i/top_0/inst/sha1_loop[0].sha1_inst/a_reg_reg[11]/C
Low Pulse Width   Slow    FDCE/C   n/a            0.500         10.000      9.500      SLICE_X35Y88   design_1_i/top_0/inst/sha1_loop[0].sha1_inst/a_reg_reg[12]/C
Low Pulse Width   Slow    FDCE/C   n/a            0.500         10.000      9.500      SLICE_X35Y87   design_1_i/top_0/inst/sha1_loop[0].sha1_inst/a_reg_reg[13]/C
Low Pulse Width   Slow    FDCE/C   n/a            0.500         10.000      9.500      SLICE_X32Y86   design_1_i/top_0/inst/sha1_loop[0].sha1_inst/a_reg_reg[14]/C
Low Pulse Width   Fast    FDCE/C   n/a            0.500         10.000      9.500      SLICE_X42Y88   design_1_i/top_0/inst/sha1_loop[0].sha1_inst/a_reg_reg[15]/C
Low Pulse Width   Slow    FDCE/C   n/a            0.500         10.000      9.500      SLICE_X35Y88   design_1_i/top_0/inst/sha1_loop[0].sha1_inst/a_reg_reg[16]/C
High Pulse Width  Slow    FDCE/C   n/a            0.500         10.000      9.500      SLICE_X16Y50   design_1_i/top_0/inst/sha1_loop[13].sha1_inst/a_reg_reg[10]/C
High Pulse Width  Slow    FDCE/C   n/a            0.500         10.000      9.500      SLICE_X13Y33   design_1_i/top_0/inst/sha1_loop[17].sha1_inst/a_reg_reg[12]/C
High Pulse Width  Slow    FDCE/C   n/a            0.500         10.000      9.500      SLICE_X13Y33   design_1_i/top_0/inst/sha1_loop[17].sha1_inst/a_reg_reg[14]/C
High Pulse Width  Slow    FDCE/C   n/a            0.500         10.000      9.500      SLICE_X13Y34   design_1_i/top_0/inst/sha1_loop[17].sha1_inst/a_reg_reg[17]/C
High Pulse Width  Slow    FDCE/C   n/a            0.500         10.000      9.500      SLICE_X3Y81    design_1_i/top_0/inst/sha1_loop[4].sha1_inst/a_reg_reg[15]/C
High Pulse Width  Slow    FDCE/C   n/a            0.500         10.000      9.500      SLICE_X7Y77    design_1_i/top_0/inst/sha1_loop[4].sha1_inst/a_reg_reg[19]/C
High Pulse Width  Slow    FDCE/C   n/a            0.500         10.000      9.500      SLICE_X7Y77    design_1_i/top_0/inst/sha1_loop[4].sha1_inst/a_reg_reg[23]/C
High Pulse Width  Slow    FDCE/C   n/a            0.500         10.000      9.500      SLICE_X1Y76    design_1_i/top_0/inst/sha1_loop[4].sha1_inst/a_reg_reg[25]/C
High Pulse Width  Slow    FDCE/C   n/a            0.500         10.000      9.500      SLICE_X13Y33   design_1_i/top_0/inst/sha1_loop[17].sha1_inst/a_reg_reg[29]/C
High Pulse Width  Slow    FDCE/C   n/a            0.500         10.000      9.500      SLICE_X9Y77    design_1_i/top_0/inst/sha1_loop[4].sha1_inst/a_reg_reg[30]/C



